rank,ticker,sector,final_score,nlp_stagnation_score,financial_feasibility_score,lbo_financial_score,financial_red_flag,candidate_label,lbo_status,lbo_rating,fcf,fcf_margin,fcf_to_debt,debt_to_ebitda,interest_coverage,capex_to_ebitda
1,MSI,Information Technology,0.973,1.0,0.91,91.0,False,Strong candidate,Pass,Ideal,1791000000.0,0.1794948887552615,1.364051789794364,0.4954716981132075,9.21285140562249,0.0954716981132075
2,SNPS,Information Technology,0.9038479172354589,0.9976398817649412,0.685,68.5,True,"High NLP signal, financial caution",Fail,Marginal,1513656000.0,0.2846280585195902,0.1122514232065446,8.869296659538964,378.377117384844,0.1247192274982421
3,EL,Consumer Staples,0.8973182556000409,0.96902607942863,0.73,73.0,False,Strong candidate,Pass,Attractive,728000000.0,0.045757385292269,1.4444444444444444,0.2237017310252996,9.035928143712574,0.4451841988459831
4,EME,Industrials,0.8850331254488988,0.8850473220698556,0.885,88.5,False,Strong candidate,Pass,Ideal,821251000.0,0.0652673677943026,inf,0.0,50.91900691900692,0.0845255062107984
5,COST,Consumer Staples,0.7887493481237943,0.7667847830339919,0.84,84.0,False,Review candidate,Fail,Marginal,6745000000.0,0.0278385405918527,0.8808933002481389,0.7513492297124914,50.7125,0.4241978216073006
6,QCOM,Information Technology,0.7873376299998095,0.7154823285711565,0.955,95.5,False,Review candidate,Pass,Ideal,9849000000.0,0.2749581239530988,7.220674486803519,0.1421277482546629,11.221902017291066,0.1510888819422736
7,DOV,Industrials,0.7865681686329407,0.7550973837613438,0.86,86.0,False,Review candidate,Pass,Ideal,1036140000.0,0.1348354786975715,0.3537814847732331,1.9212699408155152,11.468693272133862,0.1203146709560439
8,DXCM,Health Care,0.774094757950078,0.7522782256429688,0.825,82.5,False,Review candidate,Pass,Attractive,511900000.0,0.141319051431411,111.28260869565216,0.0058695929564884,31.79255319148936,0.3019012377185147
9,PLTR,Information Technology,0.7721251801225903,0.7044645430322721,0.9299999999999998,93.0,False,Review candidate,Pass,Ideal,697069000.0,0.3132877485604572,3.520959505397092,1.291266631881033,32.957692307692305,0.0985781372293242
10,KLAC,Information Technology,0.77089712609502,0.7519958944214573,0.815,81.5,False,Review candidate,Pass,Attractive,3328214000.0,0.3170918676500964,0.5660036335504972,4.107896395093605,6.459911776670396,0.2386348552993563
11,MPC,Energy,0.7705065873056864,0.7192951247224094,0.8899999999999999,88.99999999999999,False,Review candidate,Pass,Ideal,12227000000.0,0.0824038442097601,4.010167267956708,0.1710902867403625,27.645714285714284,0.1060546546209528
12,DHR,Health Care,0.7674293655060851,0.6998990935801216,0.925,92.5,False,Review candidate,Pass,Ideal,5781000000.0,0.2419840937630807,11.447524752475248,0.085928194657138,22.51948051948052,0.2353241449719244
13,TDY,Information Technology,0.766024611101136,0.7428923015730514,0.82,82.0,False,Review candidate,Pass,Attractive,721200000.0,0.127974447697631,0.2722536806342016,1.9610601125259104,11.392070484581495,0.0850607047675451
14,UNH,Health Care,0.7634008739226482,0.7027155341752119,0.9049999999999998,90.5,False,Review candidate,Fail,Situational,25682000000.0,0.0691078569083638,5.6506050605060505,0.125103220478943,9.968576709796674,0.0932012111202862
15,MOS,Materials,0.7626386211004332,0.783055173000619,0.715,71.5,False,Review candidate,Fail,Marginal,1004800000.0,0.0733639503216244,0.2631055250065462,1.661373819985209,7.07989417989418,0.6100839604994127
16,AMD,Information Technology,0.7569959519288297,0.7471370741840425,0.78,78.0,False,Review candidate,Fail,Marginal,1121000000.0,0.049426807760141,3.396969696969697,0.3919239904988123,3.783018867924529,0.6484560570071259
17,GILD,Health Care,0.7548313262634099,0.6754733232334429,0.9399999999999998,94.0,False,Review candidate,Pass,Ideal,7421000000.0,0.2736760584156955,4.08870523415978,0.2280437240859404,7.597402597402597,0.073501696192989
18,MCHP,Information Technology,0.7545850744478049,0.7051215349254356,0.87,87.0,False,Review candidate,Pass,Ideal,3134800000.0,0.3714790192802208,0.52248408280276,1.45824421543846,12.124513618677042,0.1181703286019832
19,NVDA,Information Technology,0.7534056528363549,0.6562937897662213,0.98,98.0,False,Review candidate,Pass,Ideal,27021000000.0,0.4435343554052723,inf,0.0,139.71186440677965,0.0310034802784222
20,FAST,Industrials,0.751572869783403,0.6901040996905757,0.8950000000000001,89.50000000000001,False,Review candidate,Pass,Ideal,1259900000.0,0.1714919623776661,6.2995,0.1172332942555685,157.5979381443299,0.1012895662368112
21,RCL,Consumer Discretionary,0.7513663881067862,0.8269519830096947,0.575,57.5,False,Review candidate,Fail,Marginal,580000000.0,0.0417266187050359,0.3618215845290081,0.369951534733441,2.2275541795665634,0.8993768751442419
22,CCI,Real Estate,0.7498134081251377,0.6897334401787683,0.89,89.0,False,Review candidate,Fail,Situational,2883000000.0,6.847980997624704,4.781094527363184,0.2305045871559633,111.98931909212284,0.0928899082568807
23,LEN,Consumer Discretionary,0.7456787453699685,0.6602553505285266,0.945,94.5,True,"High NLP signal, financial caution",Fail,Insufficient data,5079939000.0,0.1483914552837135,1.2126161816024343,1.680036815130297,67.39052283111269,0.0400230194823423
24,HAL,Energy,0.7453056672298868,0.7261509531855526,0.79,79.0,False,Review candidate,Pass,Attractive,2079000000.0,0.0879702111454322,0.2903631284916201,1.4091714229482386,24.303571428571427,0.2714032670734107
25,HLT,Consumer Discretionary,0.74376667467839,0.6853809638262713,0.88,88.0,False,Review candidate,Fail,Situational,1795000000.0,0.1753786028334147,54.39393939393939,0.0139123102866779,5.36144578313253,0.0636593591905564
26,DPZ,Consumer Discretionary,0.7410916275881125,0.7351308965544464,0.755,75.5,False,Review candidate,Fail,Marginal,485468000.0,0.1083789239440116,33.02503401360544,0.0163304482874692,4.171110828349663,0.1170859814766058
27,AMAT,Information Technology,0.7406137079964644,0.6487338685663778,0.955,95.5,False,Review candidate,Pass,Ideal,7594000000.0,0.2863823207753516,1.4293242988895165,0.6503856041131105,32.432203389830505,0.1353898886032562
28,FTNT,Information Technology,0.7405559631645868,0.6572228045208383,0.9350000000000002,93.5,False,Review candidate,Pass,Ideal,1731400000.0,0.3263836525410948,1.7413255556673035,0.7340716131413806,59.1,0.1506829088224437
29,BF-B,Consumer Staples,0.7377567481981417,0.7603667831402025,0.685,68.5,False,Review candidate,Pass,Marginal,457000000.0,0.108088930936613,0.1710329341317365,2.213753106876553,12.522222222222222,0.1516155758077879
30,TMO,Health Care,0.7374299233403092,0.6527570333432988,0.9350000000000002,93.5,False,Review candidate,Pass,Ideal,6927000000.0,0.1616305387684625,3.1287262872628725,0.2792985997224675,12.796641791044776,0.1865775198688028
31,MO,Consumer Staples,0.7363870519702169,0.6576957885288812,0.92,92.0,False,Review candidate,Fail,Situational,9091000000.0,0.3713188743209574,0.3647195699269839,2.1089770708181743,9.719696969696969,0.0165834672984178
32,CSCO,Information Technology,0.7349591478267967,0.6277987826097098,0.985,98.5,False,Review candidate,Fail,Situational,19037000000.0,0.3339941752342187,1.678599770743321,0.7209331892441676,34.633640552995395,0.0539698684126883
33,MCD,Consumer Discretionary,0.7334640718621164,0.7199486740887376,0.765,76.5,False,Review candidate,Pass,Attractive,7255000000.0,0.2845767631599592,0.1888142827399542,3.194280488818688,8.557678177810434,0.1959431374179067
34,LDOS,Industrials,0.7307004364934715,0.6902863378478166,0.825,82.5,False,Review candidate,Pass,Attractive,980000000.0,0.0638894321663733,1.5857605177993528,0.6491596638655462,4.224489795918367,0.2174369747899159
35,HUBB,Industrials,0.72457171869043,0.6686738838434715,0.855,85.5,False,Review candidate,Pass,Ideal,715100000.0,0.133093859926669,5.702551834130782,0.1065330048424093,14.19060773480663,0.140769688216804
36,ODFL,Industrials,0.7243480693978523,0.6983543848540749,0.785,78.5,False,Review candidate,Pass,Attractive,811826000.0,0.2731175242443755,18.040577777777777,0.0228995047600437,3535.933189655173,0.38537780111831
37,NDSN,Industrials,0.7241855242275659,0.648836463182237,0.9,90.0,False,Review candidate,Pass,Ideal,606699000.0,0.230804083645029,0.2774318194289477,2.985528615115771,26.39209917225688,0.0472135757972913
38,IEX,Industrials,0.7239777973191173,0.6785397104558819,0.8299999999999998,82.99999999999999,False,Review candidate,Pass,Attractive,626800000.0,0.1914536180091023,0.3179627656876173,2.496264404204128,17.865853658536587,0.1138406989996201
39,FIX,Industrials,0.7220049987625596,0.6564357125179424,0.875,87.5,False,Review candidate,Pass,Ideal,544730000.0,0.1046197635381696,7.971464110631448,0.1496644677477288,40.69526310670168,0.2077102332956626
40,ITW,Industrials,0.7206855334637143,0.645979333519592,0.8950000000000001,89.50000000000001,False,Review candidate,Pass,Ideal,3084000000.0,0.1914695474017508,1.9832797427652733,0.3597871355853771,20.0,0.1052753354928274
41,NOW,Information Technology,0.7165822947789228,0.6486889925413183,0.875,87.5,False,Review candidate,Fail,Situational,2704000000.0,0.3014156727232193,29.39130434782609,0.0694864048338368,23.09090909090909,0.5241691842900302
42,WDAY,Information Technology,0.7163070770523016,0.6868672529318595,0.785,78.5,True,"High NLP signal, financial caution",Fail,Marginal,1917000000.0,0.2640859622537539,0.6441532258064516,7.709844559585492,10.764705882352942,0.6010362694300518
43,BA,Industrials,0.7143163735286452,0.7161662478980646,0.7099999999999999,70.99999999999999,True,"High NLP signal, financial caution",Fail,Marginal,4433000000.0,0.0569838290870761,3.468701095461659,1.1746323529411764,-0.3143554290361935,1.4034926470588236
44,DELL,Information Technology,0.713631181341545,0.670187401916493,0.8149999999999998,81.49999999999999,False,Review candidate,Fail,Marginal,5920000000.0,0.0669493921402318,1.137586471944658,0.5971999081937113,3.5090791180285343,0.3162726646775304
45,IDXX,Health Care,0.7129409062218252,0.6349155803168931,0.8950000000000001,89.50000000000001,False,Review candidate,Pass,Ideal,772879000.0,0.211114155248647,1.717508888888889,0.3712761007098799,36.8064949006978,0.1102533258088043
46,EBAY,Consumer Discretionary,0.7109015646487005,0.6298593780695722,0.9,90.0,False,Review candidate,Pass,Ideal,1970000000.0,0.1948180379746835,1.177525403466826,0.702350965575147,7.215613382899628,0.1914357682619647
47,PM,Consumer Staples,0.7105692187369286,0.6208131696241836,0.9200000000000002,92.0,False,Review candidate,Fail,Situational,7883000000.0,0.2241144026838005,0.5342595730260928,1.139030415315733,15.6797829036635,0.1019762235602902
48,CRM,Information Technology,0.709850031515179,0.61121433073597,0.94,94.0,False,Review candidate,Pass,Ideal,9498000000.0,0.2724847232980463,1.1262895766631091,1.3799705449189985,56.30337078651685,0.1204385534282441
49,CTSH,Information Technology,0.709807325654841,0.6261533223640586,0.9049999999999998,90.5,False,Review candidate,Pass,Ideal,2013000000.0,0.1040148814137343,223.66666666666663,0.002774352651048,298.77777777777777,0.0977188655980271
50,EQR,Real Estate,0.7094738398439401,0.6706769140627716,0.8,80.0,True,"High NLP signal, financial caution",Fail,Insufficient data,1527067000.0,0.6178940246968729,0.1852957357640996,3.213523620128288,1289.1084615384616,0.0022347000448421
51,LYB,Materials,0.7083346589288535,0.6540495127555049,0.835,83.5,False,Review candidate,Pass,Attractive,3411000000.0,0.1023218142548596,0.7932558139534883,1.0096266729279173,5.250481695568401,0.3594740549424747
52,EW,Health Care,0.7071019017714245,0.6587170025306065,0.82,82.0,False,Review candidate,Pass,Attractive,642800000.0,0.1283033932135728,1.0713333333333332,0.4127115146512587,71.13586956521739,0.1740266886779474
53,CNC,Health Care,0.705422782781272,0.6563182611161028,0.8200000000000002,82.00000000000001,False,Review candidate,Pass,Attractive,7254000000.0,0.0517791498625932,0.4146801577773967,4.14231588917831,4.406015037593985,0.1892019891072697
54,PH,Industrials,0.7025280424010596,0.6221829177157996,0.8899999999999999,88.99999999999999,False,Review candidate,Fail,Situational,2599000000.0,0.1363231051665355,2.0709163346613546,0.3372749260951357,13.614039578300725,0.1023918301531846
55,DG,Consumer Staples,0.7024516815132069,0.7185024021617242,0.665,66.5,False,Review candidate,Fail,Marginal,691576000.0,0.0178740563619362,0.1674122937079019,1.253674782471997,15.529499892081308,0.515986043489516
56,JNJ,Health Care,0.7016908266220465,0.6059868951743522,0.925,92.5,False,Review candidate,Pass,Ideal,18248000000.0,0.2142815204499818,3.041333333333333,0.267367764359877,81.72131147540983,0.2024419589144868
57,KEYS,Information Technology,0.7011756780169703,0.6073938257385291,0.9200000000000002,92.0,False,Review candidate,Pass,Ideal,1211000000.0,0.2216325036603221,0.676536312849162,1.2110960757780784,17.41025641025641,0.1332882273342354
58,CSX,Industrials,0.7009341894349066,0.6563345563355809,0.805,80.5,False,Review candidate,Fail,Marginal,3257000000.0,0.2222146414682404,0.3524510334379396,1.300450323670138,10.108455882352942,0.3176189135941458
59,APTV,Consumer Discretionary,0.7006929462948589,0.7609899232783698,0.56,56.00000000000001,False,Review candidate,Pass,Marginal,990000000.0,0.0493740960550595,0.1293610348882791,3.0971266693646298,5.470175438596491,0.3666531768514771
60,BKNG,Consumer Discretionary,0.6982610077588203,0.5882300110840292,0.9549999999999998,95.5,False,Lower priority,Pass,Ideal,6999000000.0,0.327591855838989,0.4216773105193396,2.618394068465057,17.47005988023952,0.0544249881684808
61,STZ,Consumer Staples,0.6975177887526258,0.7157396982180368,0.655,65.5,False,Lower priority,Fail,Marginal,1510900000.0,0.1516693770202172,0.1413244785333458,2.970629914696157,9.4589674723963,0.3526355275222985
62,GE,Industrials,0.6967461069848823,0.6910658671212605,0.71,71.0,True,Financial caution,Fail,Marginal,4327000000.0,0.1224114518501753,2.1221186856302108,0.0776200083748905,1.4063203964729356,0.0328143439034603
63,T,Communication Services,0.6946642978095348,0.6538061397279069,0.79,79.0,False,Lower priority,Fail,Marginal,20461000000.0,0.1671268010585813,4.020632737276479,0.1204839244282399,3.49329958308517,0.4226762630806382
64,AVGO,Information Technology,0.694504668944329,0.5828638127776129,0.955,95.5,False,Lower priority,Pass,Ideal,17633000000.0,0.4922806331835059,0.4301361174806069,2.453408342809265,9.330454807138745,0.0270512897241007
65,PAYX,Industrials,0.6927047563102535,0.5910067947289337,0.9299999999999998,93.0,False,Lower priority,Pass,Ideal,1563200000.0,0.3185458398712122,1.957425494615577,0.3614065257727293,55.54918032786885,0.0647146671493868
66,TECH,Health Care,0.6916532394996455,0.6237903421423509,0.85,85.0,False,Lower priority,Pass,Ideal,216149000.0,0.1901544995962002,17.29192,0.0307743819273133,21.426605504587155,0.0941548369942538
67,ADBE,Information Technology,0.6899008585855578,0.557001226550797,1.0,100.0,False,Lower priority,Pass,Ideal,6942000000.0,0.3576691225720027,4.631087391594396,0.1992821058229194,58.849557522123895,0.0478596118053709
68,LRCX,Information Technology,0.6897049878970133,0.578149982710019,0.95,95.0,False,Lower priority,Pass,Ideal,4677370000.0,0.2683745420436255,0.941620711681716,0.900325920759677,24.807931082422087,0.0909083659157427
69,PEP,Consumer Staples,0.6892800785912528,0.6375429694160756,0.81,81.0,False,Lower priority,Fail,Marginal,7924000000.0,0.086628548939008,1.1188929680881108,0.4742199008972814,14.634920634920634,0.3694924333735101
70,HUM,Health Care,0.6890077957913294,0.6264397082733277,0.835,83.5,False,Lower priority,Pass,Attractive,2977000000.0,0.0279861620320755,5.15944540727903,0.1204090150250417,12.309815950920246,0.2095158597662771
71,ULTA,Consumer Discretionary,0.6887517760652021,0.6325025372360031,0.82,82.0,False,Lower priority,Pass,Attractive,1040999000.0,0.0928857727858343,16.712941705331772,0.0324095971161405,2222.5549668874173,0.2264810973068403
72,GDDY,Information Technology,0.6887500069635373,0.6410714385193389,0.8000000000000002,80.00000000000001,True,Financial caution,Fail,Marginal,1005600000.0,0.2363837239369079,0.2649802371541502,5.28036732990121,4.344444444444444,0.0584388479198552
73,HSIC,Health Care,0.6885712426769282,0.6579589181098974,0.76,76.0,False,Lower priority,Pass,Attractive,353000000.0,0.0286084771861577,0.4294403892944038,0.9524913093858632,7.068965517241379,0.1703360370799536
74,BDX,Health Care,0.6873803240530059,0.6348290343614369,0.81,81.0,False,Lower priority,Pass,Attractive,2116000000.0,0.1092298162296097,0.9751152073732718,0.4932939304387361,4.670353982300885,0.1986815185269379
75,EFX,Industrials,0.6857873987793233,0.6775534268276047,0.705,70.5,False,Lower priority,Fail,Marginal,515500000.0,0.0979070120793132,0.749600116329795,0.442706321617098,6.412087912087912,0.3870863911420111
76,A,Health Care,0.684593380682038,0.5965619724029114,0.89,89.0,False,Lower priority,Pass,Ideal,1474000000.0,0.215717839894629,0.4406576980568012,2.063541024059223,14.210526315789474,0.1838371375694016
77,INVH,Real Estate,0.6839804425296016,0.7092577750422879,0.6250000000000001,62.50000000000001,True,Financial caution,Fail,Insufficient data,1105057000.0,0.4543300560215567,0.1318680623673929,10.62558960469858,0.3544803989326259,0.0025752411673412
78,MCK,Health Care,0.6838914870187489,0.6041306957410699,0.87,87.0,False,Lower priority,Fail,Situational,4769000000.0,0.0172345877106439,0.847219754841002,1.2097571459273586,24.6123595505618,0.0838168923275306
79,PANW,Information Technology,0.6838141999672779,0.6340202856675399,0.8,80.0,True,Financial caution,Fail,Marginal,2631200000.0,0.3817372002263264,0.7156222802436901,5.491859596713966,14.135036496350365,0.218521284540702
80,ORCL,Information Technology,0.6836782592559147,0.6573975132227354,0.7450000000000001,74.50000000000001,False,Lower priority,Fail,Marginal,8470000000.0,0.1695559915121912,0.7986798679867987,0.6789807285997823,3.735520684736091,0.5566937704078366
81,HPE,Information Technology,0.6824239865796056,0.6834628379708652,0.68,68.0,False,Lower priority,Fail,Marginal,1600000000.0,0.0549167667753561,0.3374103753690426,1.0078639744952178,2.9464033850493654,0.6010626992561106
82,TT,Industrials,0.6820895862691081,0.5865565518130117,0.9049999999999998,90.5,False,Lower priority,Pass,Ideal,2088900000.0,0.1181664931891206,4.6194161875276425,0.1471861471861472,12.341151385927503,0.097874556521173
83,NXPI,Information Technology,0.6816451123720834,0.596635874817262,0.88,88.0,False,Lower priority,Pass,Ideal,2686000000.0,0.2023199758963543,5.372,0.1048877700860079,8.358447488584474,0.1734843717222572
84,PG,Consumer Staples,0.6811342983788837,0.5809061405412624,0.915,91.5,False,Lower priority,Fail,Situational,13786000000.0,0.168109650513377,1.9171186204978443,0.3449251726784343,36.123505976095615,0.1468726016884113
85,POOL,Consumer Discretionary,0.6808102551104278,0.5847289358720399,0.9049999999999998,90.5,False,Lower priority,Pass,Ideal,828133000.0,0.149439466435205,16.73909000869161,0.0635775529716559,77.22840591703735,0.0772291274712395
86,TRMB,Information Technology,0.6807953943258711,0.599707706179816,0.87,87.0,False,Lower priority,Pass,Ideal,555100000.0,0.1461289388475004,0.399180209981303,1.9882756648555904,247.682119205298,0.0600514726908779
87,YUM,Consumer Discretionary,0.6798937939007876,0.5962768484296965,0.875,87.5,False,Lower priority,Pass,Ideal,1318000000.0,0.186263425664217,48.81481481481482,0.0109267503035208,19.64406779661017,0.1153379198704977
88,SBUX,Consumer Discretionary,0.6771902795771071,0.6545575422530101,0.73,73.0,False,Lower priority,Fail,Marginal,3675100000.0,0.102155349737044,0.2360615092109658,2.126511043422437,10.672241410652608,0.3187499146303151
89,BBY,Consumer Discretionary,0.6763627791525754,0.6340896845036792,0.775,77.5,False,Lower priority,Pass,Attractive,675000000.0,0.0155343827671913,0.5793991416309013,0.4665598718462154,30.26923076923077,0.3183820584701642
90,APP,Information Technology,0.675786547817773,0.6032664968825329,0.8450000000000002,84.50000000000001,False,Lower priority,Pass,Attractive,1060848000.0,0.5759962470720973,0.3023234937302346,2.781774335094049,2.824089240534098,0.0005248057941096
91,CTAS,Industrials,0.6756433974343631,0.5987762820490902,0.855,85.5,False,Lower priority,Pass,Ideal,1255119000.0,0.1423720381058079,0.6195261049965103,0.9159554142143188,18.3551980450056,0.1496993886499209
92,IR,Industrials,0.6753564875085242,0.5683664107264631,0.925,92.5,False,Lower priority,Pass,Ideal,1272000000.0,0.1849885836447986,410.3225806451613,0.0019095725021559,13.27594070695553,0.0649254650733029
93,RTX,Industrials,0.6752240136611128,0.7224628766587328,0.565,56.5,True,Financial caution,Fail,Marginal,5468000000.0,0.079338363319791,0.1253036344470415,5.614770972722594,2.790752351097179,0.3107308286155429
94,BALL,Materials,0.6743729544420345,0.6698185063457637,0.685,68.5,False,Lower priority,Fail,Marginal,818000000.0,0.1022883581343003,2.265927977839336,0.1904008438818565,2.8065217391304347,0.5511603375527426
95,VLO,Energy,0.6739674900998859,0.5985249858569799,0.85,85.0,False,Lower priority,Pass,Ideal,6492000000.0,,8.737550471063257,0.0624317284261826,20.030405405405407,0.2299806738929501
96,ACN,Information Technology,0.6736713807020625,0.557387686717232,0.945,94.5,False,Lower priority,Pass,Ideal,8996096000.0,0.1403190008320628,9.507313768654312,0.1003365870148797,185.37378221988428,0.0560065014249437
97,LIN,Materials,0.6734755337419873,0.6106793339171246,0.8200000000000002,82.00000000000001,False,Lower priority,Fail,Marginal,5518000000.0,0.1679551957143726,0.3171264367816092,1.4695945945945943,211.1578947368421,0.3198479729729729
98,HST,Real Estate,0.6730827189953851,0.5951181699934074,0.8549999999999999,85.49999999999999,True,Financial caution,Fail,Insufficient data,1148000000.0,0.216155149689324,1.28125,0.5879265091863517,4.329842931937173,0.192257217847769
99,GD,Industrials,0.6723149467250682,0.5940213524643831,0.855,85.5,False,Lower priority,Pass,Ideal,3806000000.0,0.0900359576078728,2.533954727030626,0.2940485512920908,9.849187935034802,0.1769772905246671
100,VRSK,Industrials,0.6717562069255367,0.5889374384650524,0.865,86.5,False,Lower priority,Fail,Situational,830700000.0,0.309800850302081,1.6155192532088682,0.3841613746731416,8.153458213256485,0.1718341426970489
101,ROK,Industrials,0.6702718586702632,0.5846740838146617,0.87,87.0,False,Lower priority,Pass,Ideal,1213000000.0,0.1339147714727313,0.5374628915769418,1.0357503441945848,20.391120507399577,0.0738871041762276
102,RL,Consumer Discretionary,0.6695923295612264,0.6394176136588949,0.74,74.0,False,Lower priority,Pass,Attractive,193500000.0,0.0300297970078837,0.7247191011235955,0.288742294798313,17.43069306930693,0.235211419919974
103,SWKS,Information Technology,0.6695427249769332,0.5557753213956188,0.9350000000000002,93.5,False,Lower priority,Pass,Ideal,1646100000.0,0.3449207945687704,inf,0.0,17.46894409937888,0.1390137493389741
104,D,Utilities,0.6685967314172856,0.8415667591675509,0.265,26.500000000000004,True,Financial caution,Fail,Marginal,1068000000.0,0.0791873656113294,0.023051023051023,7.72972972972973,2.0333531864204883,0.9182515849182517
105,MSFT,Information Technology,0.6685104782724316,0.5821578261034737,0.87,87.0,False,Lower priority,Pass,Ideal,59475000000.0,0.2806549795908737,1.3235195940984044,0.4515237683751494,42.90984003877848,0.2824171297087105
106,AMZN,Consumer Discretionary,0.6675318298207433,0.6214740426010619,0.775,77.5,False,Lower priority,Fail,Marginal,32217000000.0,0.0560505232391242,0.5554655172413793,0.678243582997135,20.371475953565504,0.6166052739285506
107,LH,Health Care,0.6674350286404666,0.6213357552006665,0.775,77.5,False,Lower priority,Pass,Attractive,874100000.0,0.0718737666096566,0.8742748549709942,0.7673651086038836,3.635270541082164,0.3481464425512319
108,AME,Industrials,0.6669704747966925,0.5542435354238466,0.9299999999999998,93.0,False,Lower priority,Pass,Ideal,1599047000.0,0.242391862906343,2.443733132012728,0.3199587305235209,21.24207213147385,0.0666223329478581
109,KIM,Real Estate,0.666026792983097,0.6707525614044243,0.655,65.5,True,Financial caution,Fail,Insufficient data,1053207000.0,0.5905612874285073,0.132234359109571,6.949745297292769,2.553055343503823,0.0160552580097413
110,ABBV,Health Care,0.6651520641522244,0.5859315202174634,0.85,85.0,False,Lower priority,Fail,Situational,22062000000.0,0.4061637026400088,0.3420306032277568,4.7748167888074615,5.736061151079137,0.0575172107483899
111,CSGP,Real Estate,0.6650551720127293,0.5815073885896134,0.86,86.0,False,Lower priority,Pass,Ideal,372000000.0,0.1515274949083503,2.657142857142857,0.358974358974359,31.28466829376525,0.3025641025641025
112,LHX,Industrials,0.6649479888875308,0.5963542698393298,0.825,82.5,False,Lower priority,Pass,Attractive,1647000000.0,0.0848138421133941,0.4436961206896552,1.432098765432099,8.388235294117647,0.1732253086419753
113,VRT,Industrials,0.6641423131851467,0.614489018835924,0.78,78.0,False,Lower priority,Pass,Attractive,772600000.0,0.1125713952675137,0.2638480978075268,2.561406578026592,4.842865074958357,0.1118789363191042
114,XYL,Industrials,0.6639863393753256,0.6121233419647508,0.785,78.5,False,Lower priority,Pass,Attractive,566000000.0,0.0768604019554589,0.2896622313203685,1.7959558823529411,8.578947368421053,0.2490808823529411
115,GIS,Consumer Staples,0.6610332306844662,0.5971903295492375,0.81,81.0,False,Lower priority,Fail,Marginal,2089100000.0,0.1039653233271292,0.3886119275270657,1.350567782132449,8.986652708714995,0.1732237966033564
116,J,Industrials,0.6609312527163672,0.5713303610233817,0.87,87.0,False,Lower priority,Pass,Ideal,837277000.0,0.293994523749497,0.3773202361955269,2.845503507174641,9.303352861897295,0.1763025274739366
117,CRH,Materials,0.6606005904388199,0.5987151291983143,0.805,80.5,False,Lower priority,Pass,Attractive,3200000000.0,0.0915619903287647,1.06702234078026,0.5153806495961505,13.28888888888889,0.3122529644268774
118,PPG,Materials,0.6595640717103161,0.5672343881575944,0.875,87.5,False,Lower priority,Pass,Ideal,1895000000.0,0.1166728235438985,2.018104366347178,0.3497206703910614,17.94214876033058,0.1921787709497206
119,AOS,Industrials,0.659139412755019,0.5537705896500272,0.9049999999999998,90.5,False,Lower priority,Pass,Ideal,597700000.0,0.1551339285714285,3.0936853002070395,0.2345229424617625,62.125,0.0881281864530225
120,PNR,Industrials,0.6588460065710638,0.587637152244377,0.825,82.5,False,Lower priority,Pass,Attractive,543200000.0,0.1323425508588135,0.3314822725331055,2.05170902716915,8.467353951890034,0.0951546262676849
121,BIIB,Health Care,0.6587966208694345,0.5854237440991922,0.8299999999999998,82.99999999999999,False,Lower priority,Pass,Attractive,1270200000.0,0.1291431127740046,0.7264096991879218,0.2319898108100936,28.5240988254354,0.0367500729694589
122,VRSN,Information Technology,0.658249593446974,0.5439279906385343,0.925,92.5,False,Lower priority,Fail,Situational,808000000.0,0.5411559841939588,8.08,0.0957212596917775,13.288180610889777,0.0438403369388341
123,CRL,Health Care,0.6569346929677494,0.6256209899539278,0.73,73.0,False,Lower priority,Pass,Attractive,365370000.0,0.0884799737686434,0.3363673941722832,1.1662448933577414,8.351522121499121,0.3419939122919093
124,AEP,Utilities,0.6565446403431043,0.6657780576330061,0.635,63.5,True,Financial caution,Fail,Marginal,4857000000.0,0.2496402138157894,0.1138991159158595,6.577664661422181,2.965557501459428,0.0239086842511183
125,TJX,Consumer Discretionary,0.6564164136596997,0.5670234480852854,0.865,86.5,False,Lower priority,Pass,Ideal,4335000000.0,0.1400875322484084,1.5125610607117934,0.5488571954393147,51.92389024390244,0.3297739325005233
126,RMD,Health Care,0.6558808072266411,0.5726868674666302,0.85,85.0,False,Lower priority,Pass,Ideal,573627000.0,0.1358342294197504,0.8226248470916216,0.5376241203922509,31.30520522181657,0.0922663907536234
127,STLD,Materials,0.6554888434999742,0.5978412049999631,0.79,79.0,False,Lower priority,Pass,Attractive,1862023000.0,0.0990684593970114,0.576298039589515,0.9002564791995509,55.081910188956286,0.4619425826521983
128,WAB,Industrials,0.6546651176231096,0.5816644537472996,0.825,82.5,False,Lower priority,Pass,Attractive,1015000000.0,0.1048878784747339,0.2550251256281407,2.21480244852532,79.20915973221548,0.1035058430717863
129,AAPL,Information Technology,0.6537595403882154,0.5267993434117363,0.95,95.0,False,Lower priority,Fail,Situational,99584000000.0,0.259817107374408,1.0302290455401295,0.7682562390716897,43.21398865784499,0.0871006199332379
130,TSCO,Consumer Discretionary,0.6535457573078991,0.6207796532969988,0.73,73.0,False,Lower priority,Pass,Attractive,580150000.0,0.0398571257897485,3.8676666666666666,0.0801298745005905,31.79772092023221,0.4027236678541914
131,KR,Consumer Staples,0.6532207607238428,0.6503153724626327,0.6599999999999998,65.99999999999999,False,Lower priority,Fail,Marginal,2884000000.0,0.0192216690327181,0.1812810358916336,2.557305899373091,5.422066549912435,0.627551840540106
132,GNRC,Industrials,0.6526638186597932,0.6216625980854188,0.725,72.5,False,Lower priority,Pass,Attractive,392610000.0,0.0975994284388939,0.434460252768424,1.6347166521044645,3.955862619971934,0.2334655689841371
133,VZ,Communication Services,0.6521049617131836,0.580149945304548,0.82,82.0,False,Lower priority,Fail,Marginal,20416000000.0,0.1523877767327989,0.9020456855034684,0.5588257080072097,6.56441893830703,0.4211994765561344
134,ANET,Information Technology,0.651846968778188,0.5112099553974117,0.98,98.0,False,Lower priority,Pass,Ideal,1999600000.0,0.3412170233097846,20.240300426143552,0.0424386786373985,719.8022959183673,0.0147772670647364
135,CMCSA,Communication Services,0.6503553523163381,0.5862219318804831,0.7999999999999998,79.99999999999999,False,Lower priority,Fail,Marginal,16259000000.0,0.133739676899286,3.313429794171592,0.130332005312085,5.445923849567858,0.3251527224435591
136,FSLR,Information Technology,0.6502885189242754,0.8004121698918221,0.3,30.0,True,Financial caution,Fail,Marginal,-784515000.0,-0.2363992428136908,-3.3182544919297534,0.2184071568196346,65.40520332646678,1.2810949180224889
137,PTC,Information Technology,0.6502314607248045,0.5624735153211495,0.8549999999999999,85.49999999999999,False,Lower priority,Fail,Situational,587047000.0,0.2799390382598818,0.478399973922362,2.178677068500836,3.5426103216733504,0.0422808282170465
138,JCI,Industrials,0.6482683528136032,0.6625262183051475,0.6149999999999999,61.49999999999999,True,Financial caution,Fail,Marginal,1410000000.0,0.0631409251712865,0.1645658263305322,5.880576527110501,2.966666666666667,0.3061084420041181
139,KDP,Consumer Staples,0.6465281771617146,0.6086116816595923,0.735,73.5,False,Lower priority,Fail,Marginal,904000000.0,0.0610233562845956,0.3421650264950794,0.7351140790205899,6.384,0.1182526432943795
140,CVS,Health Care,0.6451561260300828,0.5830801800429755,0.79,79.0,False,Lower priority,Fail,Marginal,10395000000.0,0.0290544921962345,0.3849714835938078,1.491081782539069,5.490611266480224,0.1673753382296096
141,WST,Health Care,0.645126032214117,0.5980371888773102,0.755,75.5,False,Lower priority,Pass,Attractive,414500000.0,0.1405180012204217,2.045903257650543,0.2491085700233616,82.4390243902439,0.44510020902496
142,UBER,Industrials,0.6436304878982796,0.6151864112832567,0.7099999999999999,70.99999999999999,True,Financial caution,Fail,Marginal,3362000000.0,0.0901799844424774,0.3171698113207547,5.483704086911536,2.298136645962733,0.115364718054837
143,HD,Consumer Discretionary,0.6433976691217491,0.5484252416024988,0.865,86.5,False,Lower priority,Pass,Ideal,17946000000.0,0.1175484217490125,0.3633014150656922,1.995838383838384,16.101707498144023,0.1303434343434343
144,UHS,Health Care,0.6433800498175195,0.6876857854535994,0.5399999999999999,53.99999999999999,False,Lower priority,Pass,Marginal,524742000.0,0.0367415545299894,0.1164917801835969,2.5837353205362787,5.687125618123228,0.4262049004773371
145,MGM,Consumer Discretionary,0.6427391125002134,0.6074844464288764,0.7249999999999999,72.49999999999999,False,Lower priority,Pass,Attractive,1758964000.0,0.1088181702719377,0.2764754645401564,2.351433772233772,2.365574736147015,0.3443984291984292
146,KO,Consumer Staples,0.6423795182248899,0.5555421688926999,0.8450000000000002,84.50000000000001,False,Lower priority,Pass,Attractive,9747000000.0,0.2130305547055995,0.2650369806395475,2.9565077578583487,7.407334643091028,0.1488865664442479
147,APH,Information Technology,0.6412623750410112,0.5389462500585875,0.88,88.0,False,Lower priority,Pass,Ideal,2155900000.0,0.1717205508693955,0.716079317102335,1.015070802427512,22.16103896103896,0.1256911665542818
148,FICO,Information Technology,0.6409761141209694,0.5878230201728136,0.7649999999999999,76.49999999999999,False,Lower priority,Pass,Attractive,464678000.0,0.3070105717855356,0.2103547227482219,3.3598912798797813,9.320834602056056,0.0064444201086592
149,HRL,Consumer Staples,0.6405307012280943,0.5914724303258491,0.7549999999999999,75.49999999999999,False,Lower priority,Pass,Attractive,777636000.0,0.0839429512288772,0.2720189229095023,2.1569712915086274,24.7545662364052,0.2038778985586525
150,TEL,Information Technology,0.6398300707228046,0.5454715296040067,0.86,86.0,False,Lower priority,Pass,Ideal,2400000000.0,0.1496819259074466,2.755453501722158,0.2811491284699806,41.142857142857146,0.236281471917366
151,TXN,Information Technology,0.6383808258730588,0.6934011798186553,0.5100000000000001,51.00000000000001,False,Lower priority,Fail,Marginal,1349000000.0,0.0770021119926936,0.0992203589290968,1.5984011286150952,20.76770538243626,0.5961674112391253
152,ALLE,Industrials,0.6380561701569237,0.5579373859384625,0.825,82.5,False,Lower priority,Pass,Attractive,516400000.0,0.1414484496548701,23.57990867579909,0.0267922681673599,7.609022556390977,0.103009542451676
153,CPRT,Industrials,0.6379254770317981,0.5684649671882831,0.7999999999999998,79.99999999999999,False,Lower priority,Pass,Attractive,847574000.0,1.8370888314750915,inf,0.0,72.98551649646504,0.3138646709358846
154,GPC,Consumer Discretionary,0.637912166891469,0.6241602384163842,0.6700000000000002,67.00000000000001,False,Lower priority,Pass,Marginal,922935000.0,0.0399701437077669,0.2154203267944108,2.711842467552607,19.78014481094127,0.3245055748434202
155,NFLX,Communication Services,0.6371923008784285,0.5009890012548979,0.955,95.5,False,Lower priority,Pass,Ideal,6925749000.0,0.2053698664160861,0.3341987944955666,2.834575670740465,9.082838745069356,0.0476753363106025
156,SYY,Consumer Staples,0.6360447056177077,0.6193495794538681,0.6749999999999998,67.49999999999999,False,Lower priority,Pass,Marginal,2075000000.0,0.0271863740583033,0.160821733177756,3.382040629095675,25.69609443039901,0.2078636959370904
157,MKC,Consumer Staples,0.6354241954826204,0.5970345649751722,0.7249999999999999,72.49999999999999,False,Lower priority,Fail,Marginal,973400000.0,0.1461078922878328,0.2522545869182129,3.319969026929364,4.625360230547551,0.2270498150219392
158,DRI,Consumer Discretionary,0.6353493810688815,0.5690705443841165,0.79,79.0,False,Lower priority,Fail,Marginal,987900000.0,0.0941951600907721,0.7208844133099825,0.8621036738802215,25.301052631578948,0.355372420734776
159,EXPE,Consumer Discretionary,0.6350642790214439,0.5943775414592056,0.73,73.0,False,Lower priority,Fail,Marginal,1844000000.0,0.1436248929044318,0.2942866262368337,3.405434782608696,2.943019943019943,0.4597826086956522
160,CHD,Consumer Staples,0.6340231299920444,0.5457473285600634,0.84,84.0,False,Lower priority,Pass,Attractive,807100000.0,0.1375449479370814,0.3660981583960809,1.7188523312022457,9.534715960324617,0.1742554186808046
161,FTV,Industrials,0.6317613498481702,0.5403733569259574,0.8450000000000002,84.50000000000001,False,Lower priority,Pass,Attractive,1275000000.0,0.3257620276450599,0.3439160575081595,3.7065586882623474,4.647773279352227,0.0785842831433713
162,KMI,Energy,0.629738701859484,0.5717695740849771,0.765,76.5,False,Lower priority,Fail,Marginal,4174000000.0,0.3058547666153733,2.0776505724240915,0.3084600030707815,2.987386124737211,0.3557500383847689
163,WY,Real Estate,0.6286732798972235,0.6259618284246051,0.635,63.5,False,Lower priority,Pass,Marginal,982000000.0,0.1279645556424289,0.1934594168636721,3.0106761565836297,4.235714285714286,0.267497034400949
164,ADI,Information Technology,0.6281408941281335,0.5159155630401907,0.89,89.0,False,Lower priority,Pass,Ideal,3556171000.0,0.2889894542612071,6.882960459719391,0.1242630746526541,20.685037197348844,0.3033955807568204
165,SLB,Energy,0.6272338203468215,0.5510483147811736,0.805,80.5,False,Lower priority,Pass,Attractive,4698000000.0,0.1417836124943413,0.3737767523271541,2.21402149022371,6.68986083499006,0.3415536374845869
166,DVA,Health Care,0.6267286605851125,0.6060409436930179,0.6749999999999998,67.49999999999999,False,Lower priority,Pass,Marginal,1491046000.0,0.1228194353824546,0.1771695290168832,3.5976912337159903,4.021527985126119,0.2428056246895383
167,ELV,Health Care,0.6232000730373909,0.5710001043391298,0.745,74.5,False,Lower priority,Pass,Attractive,6765000000.0,0.039482899498074,0.2191660997181456,3.5866837090402046,10.650375939849624,0.1505926098071113
168,META,Communication Services,0.621643032415846,0.5194900463083515,0.8600000000000001,86.00000000000001,False,Lower priority,Pass,Ideal,44068000000.0,0.3266667655038472,1.5287587594532714,0.4976091422258282,2032.6521739130435,0.4668646101261889
169,MDLZ,Consumer Staples,0.6196696379329273,0.5980994827613247,0.67,67.0,False,Lower priority,Fail,Marginal,3602000000.0,0.1000111061750333,0.2268976377952755,2.363406282566622,3.1084745762711865,0.1655500967693911
170,SHW,Materials,0.6196466343029257,0.5423523347184652,0.8,80.0,False,Lower priority,Fail,Marginal,2633500000.0,0.1142422099696771,0.2778920932392077,2.807079383886256,9.213325365999404,0.2631516587677725
171,SMCI,Information Technology,0.6193665147927866,0.5076664497039809,0.88,88.0,False,Lower priority,Pass,Ideal,626787000.0,0.0879888515195237,4.246006584562858,0.1873225031153162,306.2945674044266,0.046689135858241
172,MAS,Industrials,0.6190871573713279,0.5415530819590401,0.7999999999999998,79.99999999999999,False,Lower priority,Pass,Attractive,1170000000.0,0.1468557800928831,0.3968792401628223,1.9692718770875084,4.848920863309353,0.1623246492985972
173,TYL,Information Technology,0.6184012064772093,0.5020017235388706,0.8899999999999999,88.99999999999999,False,Lower priority,Pass,Ideal,359921000.0,0.1844092817167763,0.6019410169015309,1.6046922300706357,9.248677472597231,0.0550674152478691
174,ABT,Health Care,0.6176753362830953,0.5181076232615649,0.85,85.0,False,Lower priority,Pass,Ideal,5059000000.0,0.1261312922286768,0.3581592920353982,1.8214055448098,12.153846153846152,0.2839458413926499
175,ROP,Information Technology,0.6167105522899619,0.5081579318428028,0.87,87.0,False,Lower priority,Fail,Situational,1997800000.0,0.3233837288355078,0.2620752984389348,3.0487122060470324,7.461308251389482,0.0149176131818908
176,CMI,Industrials,0.616508119349481,0.5314401704992586,0.8149999999999998,81.49999999999999,False,Lower priority,Pass,Attractive,2753000000.0,0.0808160868927051,119.69565217391305,0.0082585278276481,4.696,0.4355475763016158
177,GEHC,Health Care,0.6147327751920989,0.584618250274427,0.685,68.5,False,Lower priority,Pass,Marginal,1714000000.0,0.0876636661211129,0.1914869846944475,3.33619083115915,4.492619926199262,0.1442415206857994
178,UNP,Industrials,0.6083975363327402,0.5734250519039146,0.69,69.0,False,Lower priority,Fail,Marginal,4773000000.0,0.1978937766905759,0.1500282894323253,2.790701754385965,7.849611063094209,0.3163157894736842
179,AZO,Consumer Discretionary,0.6082637896328872,0.5218054137612674,0.81,81.0,False,Lower priority,Fail,Marginal,2144131000.0,0.122822096017754,0.4936072102767162,1.0937255684978433,17.1702401075492,0.2005902965658608
180,LYV,Communication Services,0.6074890089125929,0.5592700127322756,0.72,72.0,False,Lower priority,Fail,Marginal,924370000.0,0.0406739904226452,0.5337428343103153,1.0812459028675243,3.0976490675072235,0.2738314197773657
181,BLDR,Industrials,0.6058557141701981,0.4905081631002831,0.875,87.5,False,Lower priority,Pass,Ideal,1830537000.0,0.1070656646388646,5.171432122970526,0.1294418842431454,19.929843679887178,0.1741885632748408
182,TGT,Consumer Staples,0.605378896985406,0.5476841385505801,0.74,74.0,False,Lower priority,Fail,Marginal,3815000000.0,0.035517446840204,0.2743814729574223,1.6342266102491771,13.55581947743468,0.5648801128349789
183,INCY,Health Care,0.6052596143786718,0.6439423062552455,0.5149999999999999,51.49999999999999,True,Financial caution,Fail,Marginal,447787000.0,0.1211659981778572,0.023451712579868,27.15359400442273,325.2227463312369,0.069256312350235
184,BSX,Health Care,0.6029663597432957,0.501380513918994,0.84,84.0,False,Lower priority,Pass,Attractive,1792000000.0,0.1258426966292135,1.0078740157480317,0.5024018084204578,8.841509433962264,0.2009042102288782
185,WM,Industrials,0.6027551750489399,0.5503645357842001,0.7249999999999999,72.49999999999999,False,Lower priority,Fail,Marginal,1824000000.0,0.0892979535885636,1.3421633554083885,0.2407013815090329,7.107355864811133,0.5127523910733263
186,ON,Information Technology,0.6026216415348515,0.6187452021926452,0.565,56.49999999999999,False,Lower priority,Pass,Marginal,438400000.0,0.0531200775475584,0.1310260318598882,1.0627977892128837,19.46855828220859,0.4888825360523474
187,KHC,Consumer Staples,0.6024395884157531,0.5113422691653616,0.8149999999999998,81.49999999999999,False,Lower priority,Pass,Attractive,2963000000.0,0.1615770531137528,493.8333333333333,0.0010844026748599,5.0131578947368425,0.183083318272185
188,LII,Industrials,0.6016029958396029,0.5315757083422898,0.765,76.5,False,Lower priority,Pass,Attractive,486000000.0,0.0975531423753989,1.5453100158982511,0.3584045584045584,15.309477756286269,0.2851282051282051
189,VTRS,Health Care,0.6012817636137933,0.5075453765911331,0.8200000000000002,82.00000000000001,True,Financial caution,Fail,Marginal,2523000000.0,0.1639546671518806,4205.0,0.0001711010351612,1.3369394521026,0.10750848375966
190,CPB,Consumer Staples,0.6001777711898488,0.5273968159854984,0.77,77.0,False,Lower priority,Fail,Marginal,773000000.0,0.0826119482740194,0.5432185523541813,0.8375515008828722,6.97872340425532,0.2177751618599176
191,PWR,Industrials,0.6001395238827903,0.4973421769754148,0.84,84.0,False,Lower priority,Pass,Attractive,1141149000.0,0.0546469563608365,18.205950861518826,0.0431454016556049,16.371442256055968,0.2992940343979262
192,TER,Information Technology,0.5999444736071681,0.5034921051530973,0.825,82.5,False,Lower priority,Pass,Attractive,425589000.0,0.1590215289926607,2.279985856865045,0.3050278288890995,131.6521282186022,0.2608725492438974
193,DIS,Communication Services,0.5965903330175982,0.5908433328822832,0.61,61.0,False,Lower priority,Fail,Marginal,4897000000.0,0.0550856037256181,0.1068863909200043,2.512889425186485,6.519513431322858,0.2725427819218955
194,CAH,Health Care,0.5961953491680495,0.4852790702400707,0.855,85.5,False,Lower priority,Fail,Situational,2363000000.0,0.0115280101864093,10.132933104631215,0.1614958448753462,8.952380952380953,0.3331024930747922
195,MAR,Consumer Discretionary,0.5920823140153874,0.4708318771648392,0.8749999999999999,87.49999999999999,False,Lower priority,Fail,Situational,2718000000.0,0.1146206722051195,49.41818181818182,0.0137982940291018,9.2,0.1133968891118916
196,F,Consumer Discretionary,0.5914292296934722,0.5448988995621034,0.6999999999999998,69.99999999999999,True,Financial caution,Fail,Marginal,6682000000.0,0.0379247521156018,14.217021276595744,0.0357468816550045,1.1883300674940127,0.626407058107697
197,COO,Health Care,0.5876455607412082,0.5330650867731547,0.715,71.5,False,Lower priority,Pass,Attractive,215000000.0,0.0598352443504397,6.456456456456457,0.0369671403197158,23.07792207792208,0.4357238010657193
198,SBAC,Real Estate,0.586788524151514,0.5982693202164485,0.56,56.00000000000001,True,Financial caution,Fail,Marginal,1307695000.0,6.718221002933485,0.0962124932072704,11.36471902464884,6.160971444961013,0.197914811460928
199,RSG,Industrials,0.586399356430076,0.5784276520429659,0.605,60.5,False,Lower priority,Fail,Marginal,1987000000.0,0.132776478449716,0.1449307075127644,3.202522775052558,8.83661792752702,0.3809857509927587
200,GOOGL,Communication Services,0.5861976520458282,0.4559966457797546,0.89,89.0,False,Lower priority,Pass,Ideal,69495000000.0,0.2260779325556126,1.4158093103799532,0.5100323153814982,243.621387283237,0.335113623375139
201,GOOG,Communication Services,0.5861790878421773,0.4559701254888247,0.89,89.0,False,Lower priority,Pass,Ideal,69495000000.0,0.2260779325556126,1.4158093103799532,0.5100323153814982,243.621387283237,0.335113623375139
202,MLM,Materials,0.5845216034720618,0.5414594335315169,0.685,68.5,False,Lower priority,Pass,Marginal,878000000.0,0.1500598188343873,0.1622021060410123,2.9322860238353194,8.078787878787878,0.352112676056338
203,APD,Materials,0.5838876416432156,0.7119823452045938,0.285,28.5,True,Financial caution,Fail,Marginal,-1420700000.0,-0.1127539682539682,-0.3240130453622825,1.1380259025668975,17.59238363892807,1.2007578706948012
204,ATO,Utilities,0.5836361522654564,0.5551945032363663,0.65,65.0,False,Lower priority,Fail,Marginal,653770000.0,0.1529158851529825,0.2389861375830805,1.6366380811188208,12.771943892572468,1.6787416376204476
205,HII,Industrials,0.5827551808403915,0.5282216869148451,0.71,71.0,False,Lower priority,Pass,Attractive,678000000.0,0.0591932949188056,0.2055791388720436,2.923758865248227,8.221052631578948,0.2588652482269503
206,PODD,Health Care,0.5818519131225972,0.6512170187465676,0.4199999999999999,41.99999999999999,False,Lower priority,Pass,Marginal,70100000.0,0.0413057568793824,0.0550278671795274,4.349265961078866,3.567260940032415,0.2581085694776374
207,HWM,Industrials,0.5800828584521327,0.5308326549316182,0.695,69.5,False,Lower priority,Pass,Marginal,682000000.0,0.1027108433734939,0.2057315233785822,2.247457627118644,5.323008849557522,0.1484745762711864
208,WMB,Energy,0.5786062226985489,0.4944374609979271,0.775,77.5,False,Lower priority,Fail,Marginal,3422000000.0,0.2852617539179726,201.2941176470588,0.0026637417737386,3.6564885496183206,0.3942337825133187
209,FDX,Industrials,0.576513121535037,0.5771616021929101,0.575,57.5,False,Lower priority,Fail,Marginal,2674000000.0,0.0296600299484221,0.1343786119905523,2.1895906690140845,7.129172714078375,0.6793573943661971
210,CDW,Information Technology,0.5762143233846654,0.5103061762638077,0.73,73.0,False,Lower priority,Pass,Attractive,1450500000.0,0.0678564745508982,0.2482542616553707,2.993851199016192,5.18476249228871,0.0759376921500307
211,TSLA,Consumer Discretionary,0.576073821456482,0.5079626020806886,0.735,73.5,False,Lower priority,Fail,Marginal,4357000000.0,0.0450228886156262,1.8595817328211688,0.1917191719171917,23.96495956873316,0.7281728172817282
212,COHR,Information Technology,0.5748827078741862,0.5919752969631231,0.535,53.5,False,Lower priority,Pass,Marginal,197965000.0,0.038364566578167,0.0482815791745707,0.0060111570467127,6.916542847125996,0.0006392892138392
213,MMM,Industrials,0.5734938920052588,0.4785627028646556,0.795,79.5,True,Financial caution,Fail,Marginal,5065000000.0,0.2058106460788297,2.639395518499218,-0.2205240174672489,-21.90368852459016,-0.185589519650655
214,VMC,Materials,0.5724210034230182,0.5713157191757402,0.5750000000000001,57.50000000000001,False,Lower priority,Pass,Marginal,664200000.0,0.085351906346779,0.1251460225345743,2.596067305810996,9.560616208975215,0.4268244961846996
215,SJM,Consumer Staples,0.5720369572388824,0.6243385103412606,0.45,45.0,True,Financial caution,Fail,Marginal,717000000.0,0.0917912740680049,0.0922423774604399,20.36949685534591,2.41612591467624,1.25104821802935
216,VST,Utilities,0.5708253662526817,0.5068933803609739,0.72,72.0,False,Lower priority,Fail,Marginal,3777000000.0,0.2736163430889597,0.2317462265308627,3.9149651693490273,6.9296875,0.4025942829690127
217,CF,Materials,0.5696385791786737,0.428055113112391,0.9,90.0,False,Lower priority,Pass,Ideal,2258000000.0,0.3405217915849796,0.7600134634803096,0.9586963536624716,14.866666666666667,0.1610196837689577
218,HPQ,Information Technology,0.5696079818453654,0.466582831207665,0.81,81.0,False,Lower priority,Fail,Marginal,2978000000.0,0.0554376559067724,2.118065433854908,0.3265211333023687,4.682926829268292,0.1377148165350673
219,UAL,Industrials,0.5687228423226018,0.6838897747465741,0.3,30.0,True,Financial caution,Fail,Marginal,-260000000.0,-0.0048401809483031,-0.0222070379227878,1.7012496367335077,6.726837060702875,1.0419936065097355
220,ECL,Materials,0.5670121205408428,0.4607316007726327,0.8149999999999998,81.49999999999999,False,Lower priority,Pass,Attractive,1637000000.0,0.1068523909609535,2.6587623842780577,0.2359908010732081,5.710232158211522,0.296972019931008
221,VICI,Real Estate,0.5663678033677612,0.5348111476682302,0.64,64.0,True,Financial caution,Fail,Insufficient data,2180958000.0,0.6038109761161997,0.1303395964677707,115.9421636490878,0.3568465047529244,0.0003533789261438
222,TRGP,Energy,0.5643129228785875,0.6004470326836965,0.48,48.0,False,Lower priority,Fail,Marginal,826200000.0,0.0514436218501522,0.0582873590789158,3.5832448556549874,178.6530612244898,0.6030132969310885
223,CHTR,Communication Services,0.5618078834487641,0.6375826906410916,0.385,38.5,False,Lower priority,Fail,Marginal,3318000000.0,0.0607614408409178,0.0353230494075564,4.659606131256511,13.04153686396677,0.5513666352497644
224,AVB,Real Estate,0.5617213887044338,0.491744841006334,0.725,72.5,True,Financial caution,Fail,Insufficient data,1551220000.0,200.88319088319088,0.1920480599273341,3.0974004036428324,8.693473532952735,0.0033780065658109
225,DAL,Industrials,0.5615866522889659,0.5729809318413798,0.535,53.50000000000001,False,Lower priority,Fail,Marginal,1141000000.0,0.0196561466372657,0.0743467778718968,1.9520478249809208,11.478170478170478,0.6770541846858306
226,SWK,Industrials,0.5615318910146183,0.5621884157351691,0.56,56.00000000000001,False,Lower priority,Pass,Marginal,852600000.0,0.0540266521345153,0.1397017860068818,2.636740689535989,3.3646764390418307,0.1463319796077076
227,HON,Industrials,0.5605153802450539,0.4878791146357913,0.73,73.0,False,Lower priority,Pass,Attractive,4599000000.0,0.1393256384622375,0.158335054740756,3.390451733395588,10.097463284379172,0.08649468892261
228,WBD,Communication Services,0.5584793600200424,0.5299705143143463,0.625,62.5,True,Financial caution,Fail,Marginal,6161000000.0,0.1491009414099368,0.1559549424123528,6.1371757029672205,-2.445497630331753,0.2044430635389156
229,UPS,Industrials,0.555867327174455,0.4469533245349357,0.81,81.0,False,Lower priority,Pass,Attractive,5080000000.0,0.0558499527254337,2.763873775843308,0.1539234569969014,13.171469740634006,0.431957122519052
230,CAG,Consumer Staples,0.5536460782646767,0.6152086832352526,0.41,41.0,True,Financial caution,Fail,Marginal,633200000.0,0.0515761179441231,0.0843142476697736,5.196512593412677,2.848476821192053,0.2506227511763078
231,TMUS,Communication Services,0.5531735277629792,0.5181050396613989,0.6350000000000001,63.50000000000001,False,Lower priority,Fail,Marginal,8758000000.0,0.1114845082614119,0.1119018718456525,2.889713483975779,10.06064880112835,0.3618741692512184
232,CBRE,Real Estate,0.5496519401674204,0.5537884859534578,0.5399999999999999,53.99999999999999,False,Lower priority,Pass,Marginal,175000000.0,0.0055546738612918,0.0645652104936545,1.5586187464059804,7.711372375751634,0.1753881541115583
233,IFF,Materials,0.5491885744986497,0.4866979635694996,0.695,69.5,True,Financial caution,Fail,Marginal,952000000.0,0.0829340534889798,0.6737438075017693,-1.459710743801653,-7.301038062283737,-0.5196280991735537
234,BAX,Health Care,0.5486342478446069,0.5480489254922956,0.55,55.0,True,Financial caution,Fail,Marginal,1294000000.0,0.1249034749034749,0.1371053189235007,5.581312832643406,1.391732283464567,0.2554701360141928
235,LOW,Consumer Discretionary,0.548115536925906,0.4637364813227228,0.745,74.5,False,Lower priority,Pass,Attractive,6176000000.0,0.07150051518344,0.1551018358070268,2.95393175074184,41.275,0.1456973293768546
236,IQV,Health Care,0.5479437500694351,0.529919642956336,0.59,59.0,False,Lower priority,Fail,Marginal,1500000000.0,0.100106780565937,0.1460706982179374,3.310444874274661,2.9419642857142856,0.2092198581560283
237,GEN,Information Technology,0.5464929929352382,0.5535614184789118,0.53,53.0,True,Financial caution,Fail,Marginal,751000000.0,0.2264094060898402,0.0872849837284983,5.605211726384365,3.0074812967581046,0.0039087947882736
238,AMT,Real Estate,0.5441935339936282,0.5717050485623262,0.48,48.0,True,Financial caution,Fail,Marginal,2924300000.0,3.913154021142781,0.0751713288331131,8.596133023975252,3.5888161671833734,0.3973262622914595
239,NSC,Industrials,0.544050607718054,0.5007865824543629,0.6450000000000001,64.50000000000001,False,Lower priority,Fail,Marginal,852000000.0,0.0700888450148075,1.5351351351351352,0.1337671728127259,4.119942196531792,0.5608580380814654
240,JBL,Information Technology,0.5426558647255143,0.4837940924650204,0.68,68.0,False,Lower priority,Pass,Marginal,704000000.0,0.0202870151576278,0.2444444444444444,1.170255993498578,8.833333333333334,0.4185290532303941
241,STE,Health Care,0.5405225121300891,0.521460731614413,0.585,58.5,False,Lower priority,Pass,Marginal,394978000.0,0.0870711726340563,0.126588939933247,2.321552561834169,8.840105039669236,0.2693225733966866
242,TAP,Consumer Staples,0.5397974126702403,0.4154248752432005,0.8299999999999998,82.99999999999999,False,Lower priority,Fail,Marginal,1407500000.0,0.1013713034585079,43.7111801242236,0.0151815181518151,5.52516327314637,0.3165959453088166
243,CMS,Utilities,0.5379755547015752,0.6721079352879646,0.225,22.5,True,Financial caution,Fail,Marginal,-2000000.0,-0.0002754441536978,-0.0018132366273798,0.4567287784679089,2.47,0.9569358178053832
244,REGN,Health Care,0.5373575198775157,0.3733678855393081,0.9200000000000002,92.0,False,Lower priority,Pass,Ideal,3875400000.0,0.2954441496660873,1.9529328764362024,0.4441261386271569,70.63001745200698,0.1608289877128981
245,KMB,Consumer Staples,0.5341648958248277,0.3838069940354683,0.885,88.5,False,Lower priority,Fail,Situational,2776000000.0,0.1619036509973171,4.921985815602837,0.2103692651995524,6.580204778156997,0.2857142857142857
246,TSN,Consumer Staples,0.529742871201345,0.6474898160019215,0.255,25.5,True,Financial caution,Fail,Marginal,-187000000.0,-0.0035362417503451,-2.527027027027027,0.0792291220556745,-0.9228971962616822,2.076017130620985
247,CEG,Utilities,0.5287441799500394,0.6782059713571992,0.18,18.0,True,Financial caution,Fail,Marginal,-7723000000.0,-0.3705676311117509,-1.0432257193029852,2.7592247484159524,5.709219858156028,0.9027208348863212
248,WEC,Utilities,0.527168732007097,0.6523839028672815,0.2349999999999999,23.5,True,Financial caution,Fail,Marginal,144100000.0,0.0162037557629596,0.0076214755303563,5.96024840804489,4.050095521120781,0.9060904104407036
249,AWK,Utilities,0.5225053271361567,0.6757218959087954,0.165,16.5,True,Financial caution,Fail,Marginal,-701000000.0,-0.1662319184254209,-0.0809095106186519,3.9239130434782608,4.839218260326776,1.166213768115942
250,FCX,Materials,0.5213089590818464,0.5390127986883521,0.48,48.0,False,Lower priority,Fail,Marginal,455000000.0,0.0200414042197066,0.0508493518104604,1.0789822742071626,10.622866894197951,0.5816954057638972
251,NOC,Industrials,0.5208096096759138,0.4997280138227342,0.57,57.0,False,Lower priority,Pass,Marginal,2100000000.0,0.0534487146856706,0.1337920489296636,4.050580645161291,4.655045871559633,0.4580645161290322
252,IP,Materials,0.5192224223356713,0.4417463176223876,0.7,70.0,False,Lower priority,Pass,Attractive,692000000.0,0.0431609804777646,3.62303664921466,0.0565255992897306,5.342105263157895,0.3376738680082864
253,SPG,Real Estate,0.5168972250059234,0.4919960357227478,0.575,57.5,True,Financial caution,Fail,Insufficient data,3137510000.0,0.5544444122430832,0.1293045661984723,5.963068509255912,3.284418848461589,0.1949515485992211
254,CNP,Utilities,0.5144582027165707,0.6256545753093868,0.255,25.5,True,Financial caution,Fail,Marginal,-524000000.0,-0.0608453320947515,-0.9257950530035336,0.1790572603606453,3.3587786259541983,1.3922809237583045
255,DGX,Health Care,0.5133318707368395,0.4719026724811992,0.61,61.0,False,Lower priority,Pass,Marginal,864000000.0,0.0933852140077821,0.138973781566672,3.654908877131099,8.302631578947368,0.2398589065255731
256,SATS,Communication Services,0.5062789134270522,0.6203984477529317,0.24,24.0,True,Financial caution,Fail,Marginal,-668274000.0,-0.0392742000604386,-0.7027066246056782,0.7204469043510144,-1.8786901647434209,2.349157660449056
257,WYNN,Consumer Discretionary,0.5062629967372392,0.5496614239103417,0.405,40.5,True,Financial caution,Fail,Marginal,805086000.0,0.1852562372333544,0.0763713066560017,6.901565428713777,1.3874235833820483,0.2898920482034985
258,ES,Utilities,0.5044503380855548,0.6885004829793642,0.075,7.5,True,Financial caution,Fail,Marginal,-2690688000.0,-0.2259050156980632,-0.1007568046720629,8.306216573069966,4.120204212702676,1.3489274611318385
259,EXE,Energy,0.5037256801126707,0.4903224001609582,0.535,53.5,False,Lower priority,Fail,Marginal,551000000.0,0.0631808278867102,0.0970070422535211,1.2165345898479332,285.6363636363636,0.3917327050760334
260,LITE,Information Technology,0.4974232279733394,0.5434617542476278,0.3899999999999999,38.99999999999999,True,Financial caution,Fail,Marginal,51300000.0,0.0290322580645161,0.0212783607781326,-264.9340659340659,-1.734632683658171,-14.12087912087912
261,OMC,Communication Services,0.4933946359976814,0.4155637657109734,0.675,67.5,False,Lower priority,Fail,Marginal,1343500000.0,0.0914430786403669,0.1448845560719947,4.004188617324466,9.632494279176202,0.0338543915709474
262,PEG,Utilities,0.49215093738190113,0.5895013391170016,0.265,26.5,False,Lower priority,Fail,Marginal,481000000.0,0.0428050191332206,0.0227810931135739,4.091067622553768,4.926470588235294,0.6442549893431505
263,ALB,Materials,0.4851505860228188,0.6223579800325983,0.165,16.5,True,Financial caution,Fail,Marginal,-827959000.0,-0.0860914550727482,-0.2354721692525805,5.156990430095699,2.1700410090288784,3.1599633336999964
264,CIEN,Information Technology,0.4836795585865898,0.4681136551236998,0.5199999999999999,51.99999999999999,False,Lower priority,Pass,Marginal,62135000.0,0.0141648936327851,0.091741290594063,1.5047133027777717,11.594675227810749,0.2359361843464583
265,EQIX,Real Estate,0.4809524631943438,0.5585035188490626,0.3,30.0,False,Lower priority,Fail,Marginal,436000000.0,0.0532486565705911,0.0284335463675492,4.663625304136253,4.293595015502169,0.8458029197080292
266,HSY,Consumer Staples,0.477974992564451,0.34210713223493,0.795,79.5,False,Lower priority,Fail,Marginal,1552081000.0,0.1390131761849896,0.3665580039502121,1.420548384564338,15.85568165635777,0.2587022030528583
267,RVTY,Health Care,0.4774853838318064,0.5578362626168664,0.29,29.000000000000004,True,Financial caution,Fail,Marginal,9904000.0,0.0036007069077656,0.0025397203127876,5.324971904780762,4.487607501194458,0.1111082283830672
268,ED,Utilities,0.47038973452313726,0.6269853350330533,0.105,10.5,True,Financial caution,Fail,Marginal,-1929000000.0,-0.1332550428295109,-0.0780655605018211,4.727377080543333,3.124144672531769,0.7815190357757796
269,UDR,Real Estate,0.4700284200508209,0.4207548857868871,0.585,58.5,True,Financial caution,Fail,Insufficient data,828225000.0,121.03244191144236,0.1421366011294044,4.391591036186566,3.4091277574664325,0.0033455276648533
270,FE,Utilities,0.4683362405820698,0.5919089151172426,0.18,18.0,True,Financial caution,Fail,Marginal,-1969000000.0,-0.152991452991453,-3.58,0.1475717735444056,1.989464442493416,0.90045613093641
271,OKE,Energy,0.46645486622253807,0.4113640946036259,0.595,59.49999999999999,False,Lower priority,Fail,Marginal,2826000000.0,0.1598687560106353,0.1302304147465438,4.4825449287337324,5.55525238744884,0.3294773807064656
272,MU,Information Technology,0.4655437656184672,0.5686339508835246,0.225,22.5,True,Financial caution,Fail,Marginal,-6117000000.0,-0.3936293436293436,-14.192575406032482,0.2143212332173048,-31.39344262295082,3.8170064644455497
273,ZBRA,Information Technology,0.4611338296846522,0.517334042406646,0.33,33.0,True,Financial caution,Fail,Marginal,-91000000.0,-0.0198516579406631,-0.3421052631578947,0.4048706240487062,5.404494382022472,0.1324200913242009
274,DUK,Utilities,0.4593136160717804,0.6240194515311148,0.075,7.5,True,Financial caution,Fail,Marginal,-2726000000.0,-0.1211071127104713,-0.0337840349985747,6.13417971719629,2.3457199734572,0.9581876235365668
275,EVRG,Utilities,0.4503963513885289,0.6112805019836127,0.075,7.5,True,Financial caution,Fail,Marginal,-353800000.0,-0.0661914650801668,-0.0283928127181824,5.282504557208869,2.4389501711677446,0.9894442324812412
276,PPL,Utilities,0.4482114851373358,0.6145878359104797,0.06,6.0,True,Financial caution,Fail,Marginal,-632000000.0,-0.0762364294330518,-0.0382960673816881,5.722260748959778,2.4474474474474475,0.8287101248266296
277,EQT,Energy,0.44610602340834127,0.3844371762976304,0.59,59.0,False,Lower priority,Fail,Marginal,1159813000.0,0.1678717507779432,0.1243877073547617,2.3042270791955524,7.987530758956766,0.4989523181829077
278,LNT,Utilities,0.43674592481223995,0.5596370354460571,0.15,15.0,True,Financial caution,Fail,Marginal,-499000000.0,-0.1239135833126396,-0.1312191017145261,2.3488573193329216,2.3934010152284264,0.8437306979617047
279,INTC,Information Technology,0.43616223893895506,0.5266603413413644,0.225,22.5,True,Financial caution,Fail,Marginal,-14279000000.0,-0.2633141550490521,-3.829176722982033,0.4696473551637279,0.1557788944723618,3.243073047858942
280,NRG,Utilities,0.4345636893009107,0.5886624132870153,0.075,7.5,True,Financial caution,Fail,Marginal,-819000000.0,-0.0289849943374858,-0.0748628884826325,6.515783204288267,0.7917525773195876,0.3561643835616438
281,WDC,Information Technology,0.42748338958429827,0.5978334136918547,0.03,3.0,True,Financial caution,Fail,Marginal,-1229000000.0,-0.1964828137490008,-0.1653214958299704,26.55,-1.8026315789473684,2.932142857142857
282,NCLH,Consumer Discretionary,0.41996226802414244,0.5356603828916321,0.15,15.0,True,Financial caution,Fail,Marginal,-744648000.0,-0.1713785440344963,-0.4796506235184994,0.8557630666092659,0.4432909523809524,1.5160634722544537
283,NI,Utilities,0.40913643139337336,0.4944806162762477,0.21,21.0,True,Financial caution,Fail,Marginal,-710700000.0,-0.1328957702232693,-0.1105683214835788,2.916776330716522,3.79800644972149,1.2006171438943596
284,IRM,Real Estate,0.4038110913890029,0.5318729876985756,0.1049999999999999,10.499999999999998,True,Financial caution,Fail,Marginal,-225656000.0,-0.0411759306854072,-0.016448326076533,8.079855730807445,3.79959521679809,0.7887353888866312
285,AMCR,Materials,0.4013757512403655,0.2926796446290936,0.655,65.5,False,Lower priority,Pass,Marginal,735000000.0,0.0500204164965292,0.2000272145870186,1.7547755491881567,5.2,0.2511938872970392
286,PNW,Utilities,0.3948886769112913,0.4676981098732733,0.225,22.5,True,Financial caution,Fail,Marginal,-638673000.0,-0.1360038807570116,-0.1922555689343768,1.978822666037637,3.5352522056743063,1.0998310673967224
287,LUV,Industrials,0.38517680140873145,0.4473954305839022,0.2399999999999999,23.999999999999996,True,Financial caution,Fail,Marginal,-356000000.0,-0.0136445517611436,-0.072225603570704,2.823024054982818,1.9649122807017545,2.016036655211913
288,LMT,Industrials,0.3495799720255478,0.1436856743222112,0.8299999999999998,82.99999999999999,False,Lower priority,Pass,Attractive,6229000000.0,0.092184517026535,0.3073014306857424,2.0398510616886383,14.95079086115993,0.1701720841300191
289,CCL,Consumer Discretionary,0.3478744101222673,0.3983920144603818,0.23,23.0,True,Financial caution,Fail,Marginal,997000000.0,0.0461723706756819,0.0364094511193076,6.329865926953306,1.221736414740787,0.7591308368007397
290,EXC,Utilities,0.32306869206153005,0.4293838458021858,0.075,7.5,True,Financial caution,Fail,Marginal,-2705000000.0,-0.1244994707046532,-0.054726066197297,7.267754741949713,2.631131458469588,1.0892515806499043
291,MDT,Health Care,0.2565,0.0,0.855,85.5,False,Lower priority,Pass,Ideal,4580000000.0,0.1466679476094405,4.194139194139194,0.1334637008066487,9.91862567811935,0.1783182595942312
