ticker,innovation_decay_score,strategic_decay_score,topic_rigidity_score,management_confidence_score,innovation_decay_zscore,topic_rigidity_zscore,strategic_decay_zscore,management_confidence_zscore,management_confidence_zscore_aligned,final_stagnation_score
NTAP,,,,0.185676357,,,,-3.217607358,3.217607358,3.217607358
DE,,,,0.266173792,,,,-2.530637118,2.530637118,2.530637118
MSI,0.029736129,0.056826021,0.583183348,0.43348426,5.290770703,-2.15475485,3.689247931,-1.102798918,1.102798918,1.982015676
SNPS,0.038987498,0.005993802,0.724078655,0.379518185,6.936597999,-1.137729393,0.52016661,-1.563348844,1.563348844,1.970596015
EL,0.027258203,0.007869829,0.903317928,0.365212307,4.849945212,0.15607455,0.637125543,-1.685436121,1.685436121,1.832145357
BK,-0.01984127,0.138888889,0.938661695,0.445745163,-3.529095933,0.411196674,8.805371356,-0.998163589,0.998163589,1.671408922
EME,0,0.055602572,0.787899733,0.23852249,0.000684927,-0.677049319,3.612973279,-2.766615089,2.766615089,1.425805994
BMY,0.013592643,0.004650654,0.982957542,0.318182552,2.418829147,0.73093766,0.436429427,-2.086791048,2.086791048,1.41824682
D,0.010085798,0.056619517,0.794419348,0.560323893,1.79495798,-0.629988738,3.676373646,-0.020341405,0.020341405,1.215421073
RCL,0.001884995,0.010136423,1.000000119,0.256826576,0.336027267,0.8539562,0.778433918,-2.610406859,2.610406859,1.144706061
CPT,0.019460683,0.006592827,0.984922349,0.630684512,3.462759013,0.745120242,0.55751217,0.580120607,-0.580120607,1.046317704
FSLR,0.010547379,-0.00023529,0.991741717,0.414838417,1.87707377,0.794344524,0.131820378,-1.26192373,1.26192373,1.016290601
MOS,0,-0.000577528,0.997196913,0.236445795,0.000684927,0.833721798,0.110483882,-2.784337744,2.784337744,0.932307088
IT,0.022950458,-0.006148221,0.989916325,0.676289435,4.083593283,0.781168284,-0.236815132,0.969315923,-0.969315923,0.914657628
SRE,0.002259983,0.042937146,0.889729917,0.538388296,0.402738018,0.057992125,2.823360586,-0.207541186,0.207541186,0.872907979
COST,0.001215181,0.002969906,0.995623171,0.323261017,0.216866827,0.822362051,0.331644938,-2.043451098,2.043451098,0.853581228
APTV,0.003051269,0.001635514,0.989202321,0.359499187,0.543508607,0.776014384,0.248453712,-1.734192247,1.734192247,0.825542237
BF-B,0.001401635,0.004406905,0.863623142,0.240552286,0.250037204,-0.130454568,0.421233131,-2.749292684,2.749292684,0.822527113
DOV,0.012346158,0.024413141,0.754974782,0.534906506,2.197078194,-0.914711688,1.66850094,-0.237255009,0.237255009,0.797030613
DXCM,0.011954443,0.005570144,0.97636646,0.582738676,2.127391845,0.683361216,0.493754096,0.170947786,-0.170947786,0.783389843
KLAC,0.021480768,-0.017731168,0.869418144,0.521282022,3.82213407,-0.088624469,-0.958941801,-0.353527225,0.353527225,0.782023756
AMD,0.00698774,-0.007971243,0.867838442,0.300143002,1.243810559,-0.100027241,-0.3504695,-2.240741714,2.240741714,0.758513883
BLK,,,0.991744995,0.480292688,,0.794368187,,-0.703332811,0.703332811,0.748850499
TDY,0.00472661,-0.000498008,0.990166247,0.420696154,0.841553328,0.782972299,0.115441496,-1.211933434,1.211933434,0.737975139
DPZ,-4.75E-05,-0.00651906,0.995003223,0.298882423,-0.007768648,0.817887077,-0.25993469,-2.251499573,2.251499573,0.700420828
HAL,0.000907459,1.17E-06,0.956175625,0.353946491,0.162122722,0.537617588,0.146562387,-1.781579305,1.781579305,0.656970501
RTX,0.007290024,0.019696956,0.778013527,0.488551683,1.297587145,-0.748410975,1.37447535,-0.63285002,0.63285002,0.639125385
PKG,-0.000995913,-0.005457192,0.999595344,0.319948917,-0.176488906,0.851034409,-0.193733632,-2.07171677,2.07171677,0.63813216
WSM,-0.000205852,0.000585386,0.977447271,0.362597283,-0.035936397,0.69116284,0.182984551,-1.707752896,1.707752896,0.636490973
MCD,0.000690675,-0.003486423,0.999544322,0.374697844,0.123556697,0.85066612,-0.070868073,-1.604485943,1.604485943,0.626960172
MPC,0.001427991,-0.004720424,0.997065365,0.380438591,0.254725977,0.832772248,-0.147800628,-1.555494041,1.555494041,0.62379791
DG,-0.00074102,0.003316347,0.952959001,0.358426139,-0.131143184,0.514399009,0.353243449,-1.743349706,1.743349706,0.619962245
GM,0.004651014,0.004267186,0.907155275,0.442478019,0.828104789,0.183773695,0.41252249,-1.026045607,1.026045607,0.612611645
BA,0.002015891,0.007795238,0.973794937,0.471537989,0.3593138,0.664799174,0.632475204,-0.778045967,0.778045967,0.608658536
STZ,0.000531368,0.027033509,0.950211525,0.562153094,0.09521572,0.494566886,1.831865046,-0.004730885,0.004730885,0.606594634
QCOM,-0.00096198,-0.001088609,0.967402935,0.340706688,-0.170452168,0.618659746,0.078621092,-1.894568634,1.894568634,0.605349326
APD,0.011590907,0.000792739,0.985186398,0.639107047,2.062718302,0.747026226,0.195911794,0.651999055,-0.651999055,0.588414317
INVH,0.003757299,-6.52E-05,0.991075754,0.480700936,0.66911203,0.789537401,0.14242665,-0.699848798,0.699848798,0.57523122
MTD,-0.000743026,-0.000451491,0.995069325,0.388136237,-0.131500047,0.818364218,0.118341553,-1.489801837,1.489801837,0.57375189
CVNA,0.008084763,0.000790696,0.994548559,0.582380884,1.438972027,0.814605171,0.195784388,0.167894361,-0.167894361,0.570366806
AIZ,-0.003181551,-0.003961014,0.995413005,0.313977855,-0.56531598,0.820845008,-0.100455997,-2.122674196,2.122674196,0.569436807
GRMN,-0.001585522,-0.000931115,0.993480444,0.369446373,-0.281380969,0.806895188,0.088439927,-1.649302327,1.649302327,0.565814118
DLTR,0.001321909,-0.019586856,1.000000119,0.304237704,0.235853728,0.8539562,-1.074632689,-2.20579727,2.20579727,0.555243627
MCHP,0.000176426,-0.006860395,0.946479976,0.328073319,0.032071286,0.467631424,-0.281214835,-2.002382609,2.002382609,0.555217621
PLTR,0.001567243,-0.004846158,0.999009609,0.417701645,0.279499013,0.846806396,-0.155639362,-1.237488759,1.237488759,0.552038702
UNH,0.000883368,0.01039625,0.988843918,0.510164252,0.15783691,0.773427324,0.794632602,-0.448406979,0.448406979,0.543575953
LLY,0.00524362,0.00605488,0.976326525,0.562298131,0.933529953,0.683072952,0.523974453,-0.003493135,0.003493135,0.536017623
DHR,0.001199432,0.005188689,0.974508464,0.472972233,0.214065016,0.669949632,0.469972646,-0.765806036,0.765806036,0.529948332
PSX,0.001912294,0.000395069,0.981370449,0.460368501,0.340883829,0.719481538,0.171119432,-0.873367095,0.873367095,0.526212974
ODFL,0,0.010778266,0.987008274,0.502878332,0.000684927,0.760177081,0.818448942,-0.510585483,0.510585483,0.522474109
VRTX,0.016626635,-0.002144989,0.702795506,0.515802477,2.958579189,-1.291357683,0.012762213,-0.400290006,0.400290006,0.520068432
FDS,0.007122953,0.019376029,0.772957027,0.536289707,1.267865005,-0.784910343,1.354467462,-0.225450683,0.225450683,0.515718202
ALGN,0.00619076,0.000798246,0.925564528,0.513409722,1.102027101,0.316657313,0.1962551,-0.420709929,0.420709929,0.508912361
CAT,0.003826794,-0.000684484,0.972042084,0.493081232,0.681475321,0.652146542,0.103815842,-0.594194557,0.594194557,0.507908066
TXN,0.001061021,0.00519811,0.998300791,0.505016452,0.189441639,0.841689927,0.470559985,-0.492338635,0.492338635,0.498507546
GE,0.004971412,0.00305804,0.885206461,0.480537014,0.88510388,0.025340434,0.337139603,-0.701247718,0.701247718,0.487207909
LDOS,0.003934319,-0.003671888,0.932323277,0.451373963,0.700603975,0.365444036,-0.082430736,-0.95012705,0.95012705,0.483436081
FAST,0.000694027,0.007512958,0.986756027,0.511989392,0.124153034,0.758356286,0.614876777,-0.43283112,0.43283112,0.482554304
CCI,0.002177419,0.039463561,0.668097973,0.507633461,0.38804991,-1.541815095,2.606803606,-0.470004908,0.470004908,0.480760832
ES,0.001939717,0.018894691,0.997252762,0.633619293,0.345762504,0.834124937,1.324458971,0.605166214,-0.605166214,0.474795049
FANG,1.99E-05,-0.005982836,0.999431908,0.415160093,0.004227075,0.849854679,-0.226504342,-1.259178528,1.259178528,0.471688985
UHS,0.000595503,0.002065955,1,0.486830078,0.106625478,0.85395534,0.275289098,-0.64754231,0.64754231,0.470853056
WDAY,0.004453716,0.011863375,0.940235853,0.590137939,0.793005174,0.422559433,0.886098981,0.234093561,-0.234093561,0.466892507
PSA,4.64E-05,0.014268517,0.998142183,0.566503257,0.008943605,0.840545047,1.036045038,0.032393684,-0.032393684,0.463285001
HLT,0.000901047,-0.01155228,0.97527504,0.378028223,0.16098202,0.675483007,-0.573725488,-1.576064272,1.576064272,0.459700953
UAL,-0.000882918,-0.005109587,1,0.412200373,-0.156387021,0.85395534,-0.172062527,-1.28443697,1.28443697,0.45248569
HPE,0.009994742,0.011992864,0.77332592,0.573136676,1.778759143,-0.782247559,0.894171782,0.089003707,-0.089003707,0.450419915
IEX,-0.000865542,0.02436664,0.976723731,0.620341268,-0.153295758,0.685940102,1.665601898,0.491850703,-0.491850703,0.426598885
CEG,-0.00053398,-0.001255293,0.983479798,0.446548249,-0.094310583,0.734707463,0.068229343,-0.99131,0.99131,0.424984056
EFX,-0.001349049,0.003851013,0.998336315,0.480906339,-0.239312223,0.841946353,0.386576626,-0.698095869,0.698095869,0.421826656
BG,0.009281625,0.009173007,0.908493876,0.666398167,1.651894793,0.193436128,0.718370782,0.884903213,-0.884903213,0.419699623
IBKR,-0.00213492,7.72E-05,0.994743109,0.435849119,-0.379119397,0.816009489,0.151300104,-1.082617062,1.082617062,0.417701815
AWK,-0.00152565,-0.002735909,0.993918419,0.429522417,-0.270729633,0.810056626,-0.024078071,-1.13660954,1.13660954,0.412964616
GILD,0.004118208,-0.006408193,0.93105197,0.467736887,0.733318091,0.356267349,-0.253022762,-0.810484812,0.810484812,0.411761873
RJF,-0.000448933,0.002330138,0.969159186,0.469165564,-0.079180629,0.631336902,0.291759309,-0.798292395,0.798292395,0.410551994
CLX,-0.001938776,-0.000226757,0.833042145,0.310187388,-0.344225088,-0.351197569,0.132352334,-2.155022281,2.155022281,0.397987989
FIS,0.009766248,0.007019503,0.767602742,0.551959088,1.738109833,-0.823559213,0.584112834,-0.091727182,0.091727182,0.397597659
CMS,-0.001589249,-0.015468616,0.990736187,0.340684783,-0.28204406,0.787086298,-0.81788534,-1.894755569,1.894755569,0.395478117
KVUE,0.002891826,0.018796866,0.959293783,0.658189418,0.515143455,0.560125402,1.31836018,0.814849222,-0.814849222,0.394694954
TRV,-0.001009484,-0.002468472,0.976038635,0.437354426,-0.178903167,0.68099487,-0.007405008,-1.069770671,1.069770671,0.391114342
DASH,-0.006581879,-0.008823379,0.993086576,0.290069506,-1.170237717,0.804052132,-0.403595,-2.326709567,2.326709567,0.389232246
KIM,0.010282655,0.007717946,0.639440775,0.463491423,1.829979128,-1.748671522,0.627656556,-0.846715875,0.846715875,0.388920009
EQR,-0.000503371,-0.008379442,0.99344033,0.420642221,-0.088865195,0.806605634,-0.375918209,-1.212393697,1.212393697,0.388553982
DELL,-0.002860663,-0.006540662,0.922046959,0.325659006,-0.508229789,0.291266429,-0.261281432,-2.022986512,2.022986512,0.38618543
BALL,0.001000807,-0.002193424,0.960652769,0.471403355,0.178729472,0.569934978,0.009742576,-0.779194944,0.779194944,0.384400493
HUBB,0.000988368,-0.002113195,0.987400055,0.496949488,0.176516465,0.763005079,0.014744341,-0.561182621,0.561182621,0.378862126
AEP,-0.000133066,-0.004007664,0.938507557,0.42494547,-0.02298768,0.410084061,-0.103364319,-1.175669499,1.175669499,0.36485039
BAC,0.000447127,-0.000945238,0.998924255,0.510688098,0.080229214,0.846190286,0.087559435,-0.443936441,0.443936441,0.364478844
FFIV,0.002332058,0.010242055,0.980777681,0.618427517,0.415560338,0.715202756,0.785019462,0.475518629,-0.475518629,0.360065982
V,0.01163508,0.001008975,0.873532712,0.656029191,2.070576724,-0.058924256,0.209392772,0.796413711,-0.796413711,0.356157882
JCI,0.001165862,-0.010365117,0.976727962,0.445282306,0.208092948,0.685970649,-0.499713039,-1.002113643,1.002113643,0.34911605
ROST,-0.001657459,0.005733641,0.956650317,0.487188757,-0.294178535,0.541044055,0.503947097,-0.644481317,0.644481317,0.348823484
HCA,0.000663767,0.003516027,0.991681993,0.550122413,0.118769783,0.793913419,0.365692314,-0.107401488,0.107401488,0.346444251
URI,0.0024,0.019625112,0.790420353,0.535986613,0.42764722,-0.658854706,1.36999631,-0.228037305,0.228037305,0.341706532
LEN,0.003774014,0.008282047,0.806733131,0.497239628,0.672085665,-0.541104081,0.662824818,-0.558706543,0.558706543,0.338128236
EMR,0.002139786,0.011798329,0.994194686,0.650805853,0.381354893,0.812050809,0.88204371,0.75183741,-0.75183741,0.330903
EW,0.009215098,-0.005971496,0.963344634,0.642492269,1.640059581,0.589365684,-0.225797353,0.680888752,-0.680888752,0.33068479
ARES,-0.000297808,-0.0027881,0.99944061,0.498578488,-0.052295453,0.849917494,-0.027331863,-0.547280625,0.547280625,0.329392701
HSIC,0.002013326,0.001503151,0.996380985,0.576631004,0.358857584,0.82783218,0.240201655,0.11882452,-0.11882452,0.327016725
MO,-0.002763391,0.000325464,0.988546133,0.462422113,-0.490925056,0.771277822,0.166779988,-0.855841435,0.855841435,0.325743547
ORCL,-0.000177512,-0.004068116,0.903039634,0.412583966,-0.030894711,0.154065738,-0.107133135,-1.28116336,1.28116336,0.324300313
FTNT,0.001966261,0.008243054,0.901135623,0.54599567,0.350484653,0.140322005,0.660393845,-0.14261937,0.14261937,0.323454968
DDOG,-0.000427918,0.0039683,0.994601011,0.544621017,-0.075442041,0.814983786,0.393888797,-0.15435075,0.15435075,0.321945323
FIX,0.003199159,-0.002395859,0.990348756,0.571219679,0.569818411,0.784289708,-0.002878008,0.072643924,-0.072643924,0.319646547
CSX,0.00157836,-0.005503497,0.997251093,0.520797845,0.281476729,0.83411289,-0.196620465,-0.357659219,0.357659219,0.319157093
CNC,0.002073111,0.017256212,0.903961241,0.618508321,0.369493325,0.160718179,1.222309694,0.476208212,-0.476208212,0.319078247
NVDA,0.01146153,-0.028974009,0.972773075,0.534751356,2.039702127,0.657423061,-1.659864889,-0.238579062,0.238579062,0.31895984
ARE,-0.001589186,0.000100931,0.934492588,0.444010184,-0.282032797,0.381102787,0.152781716,-1.01297001,1.01297001,0.316205429
SBUX,0.008169893,0.00326497,0.892401755,0.637607288,1.45411669,0.077278268,0.350040409,0.639200016,-0.639200016,0.310558838
LYB,-0.000958007,-0.001998978,0.925990582,0.438434834,-0.169745437,0.319732701,0.021865084,-1.060550404,1.060550404,0.308100688
T,0.001196584,-0.003955171,0.932903111,0.475457529,0.213558314,0.369629455,-0.100091718,-0.744596365,0.744596365,0.306923104
CRWD,0.001146141,0.00479016,0.957300603,0.56058907,0.204584486,0.545738024,0.445126813,-0.018078365,0.018078365,0.303381922
TMO,0.002775032,0.004718505,0.969006777,0.604642276,0.494365804,0.630236767,0.440659532,0.3578745,-0.3578745,0.301846901
WEC,-0.000433539,-0.002897431,0.999871492,0.509072004,-0.076442098,0.853027732,-0.034148031,-0.45772829,0.45772829,0.300041473
PGR,-0.002712211,-0.000960379,0.874704123,0.370585738,-0.481820041,-0.05046866,0.086615464,-1.639578917,1.639578917,0.29847642
PODD,0.011579059,-0.014052009,0.887950897,0.585980189,2.060610498,0.045150615,-0.729568486,0.198611062,-0.198611062,0.294395391
NDAQ,-0.00408777,-0.003408621,0.970297635,0.407329041,-0.726533282,0.639554574,-0.066017605,-1.326009222,1.326009222,0.293253227
KR,-0.000776189,0.010678977,0.937685192,0.553201564,-0.137399924,0.404147977,0.812258881,-0.081123817,0.081123817,0.290032688
NDSN,0.00278887,0.014799513,0.998030663,0.712016119,0.496827618,0.839740059,1.069149417,1.274209724,-1.274209724,0.282876842
AMAT,0.008744991,0.005242999,0.871158063,0.659284978,1.556427141,-0.0760652,0.473358574,0.824198801,-0.824198801,0.282380428
NOW,-0.000691432,0.006329148,0.981585324,0.564011789,-0.122321441,0.72103257,0.54107337,0.011131335,-0.011131335,0.282163291
EPAM,-0.003171676,-0.006595564,0.967703521,0.407936618,-0.563559211,0.620829469,-0.264704218,-1.320824127,1.320824127,0.278347542
TSN,0.002146694,-0.001755492,0.987691939,0.57199926,0.382583764,0.765111987,0.037045006,0.079296919,-0.079296919,0.276360959
BX,-0.000773802,0.00334839,0.798773766,0.391034592,-0.136975189,-0.59855722,0.355241176,-1.465067094,1.465067094,0.271193965
ITW,-0.001561402,-0.009679356,0.892275512,0.359534339,-0.277089919,0.07636701,-0.456959981,-1.733892261,1.733892261,0.269052343
NUE,0.000283517,0.003295243,0.949456215,0.544284545,0.051122937,0.489114826,0.351927726,-0.157222223,0.157222223,0.262346928
INCY,0.008403607,-0.003165293,0.979986012,0.693659285,1.495694625,0.709488247,-0.050847587,1.11755133,-1.11755133,0.259195989
MAA,0.00070469,0.014654677,0.998621762,0.681083113,0.12605003,0.844006794,1.06011975,1.01022548,-1.01022548,0.254987774
APO,0.001563797,0.036531251,0.758792102,0.659000276,0.278885861,-0.887157105,2.423991785,0.821769138,-0.821769138,0.248487851
GDDY,0.001638634,0.009064966,0.98029393,0.648753835,0.292199454,0.711710891,0.711635078,0.734325355,-0.734325355,0.245305017
MRK,0.004446998,-0.000206868,0.993336022,0.651211736,0.791810125,0.805852706,0.13359231,0.755301244,-0.755301244,0.243988474
RL,0.000478469,0.004739346,0.986333847,0.601828483,0.085805001,0.755308864,0.441958845,0.333861408,-0.333861408,0.237302825
MPWR,0.004152849,0.0073619,0.671040833,0.433968811,0.739480704,-1.52057263,0.605459222,-1.098663727,1.098663727,0.230757756
CHTR,0,-0.020178891,0.986196518,0.413864229,0.000684927,0.754317581,-1.111542534,-1.270237515,1.270237515,0.228424372
PEP,-0.000276904,0.008168605,1,0.626944419,-0.048576645,0.85395534,0.655752423,0.548202411,-0.548202411,0.228232177
EOG,0.001139094,0.008666823,0.97275424,0.637134697,0.203330795,0.657287104,0.686813303,0.635166897,-0.635166897,0.228066076
Q,,,,0.536350456,,,,-0.224932244,0.224932244,0.224932244
IDXX,-0.005553758,-0.012169676,0.995660007,0.370653632,-0.98733386,0.822627942,-0.612216381,-1.6389995,1.6389995,0.2155193
BDX,0.001409037,-0.028842773,0.860303223,0.27970626,0.251353907,-0.15441876,-1.651683168,-2.415150177,2.415150177,0.215100539
BBY,0.003808489,-0.012992353,0.988304317,0.555460409,0.678218796,0.769532319,-0.663505314,-0.06184669,0.06184669,0.211523123
PANW,0.000665635,-0.000414589,0.996489048,0.588909157,0.119102026,0.828612213,0.12064214,0.223607058,-0.223607058,0.21118733
ULTA,-0.000807657,0.001605098,0.883700311,0.480994171,-0.142998079,0.014468584,0.246557412,-0.69734631,0.69734631,0.203843557
NKE,-0.003486157,0.028307638,0.862962544,0.60364939,-0.619505739,-0.135222968,1.911299283,0.349401148,-0.349401148,0.201792357
EXPD,-0.001023891,-0.010093356,0.999999821,0.491492599,-0.181466222,0.853954049,-0.482770395,-0.607752052,0.607752052,0.199367371
EBAY,-0.001163977,-0.014594237,0.903479874,0.377949664,-0.20638762,0.157243524,-0.763373107,-1.576734702,1.576734702,0.191054375
HIG,-0.000727292,-0.001010764,0.995793581,0.565591051,-0.128700937,0.82359212,0.083474233,0.02460886,-0.02460886,0.188439139
CSCO,0.006340195,0.001090931,0.813684464,0.57768867,1.128611642,-0.490927238,0.21450224,0.127850706,-0.127850706,0.181083984
MSCI,0.002714921,-0.007517332,0.921950758,0.531806905,0.483671982,0.290572015,-0.322170918,-0.263707201,0.263707201,0.17894507
ED,0.001453265,0.009695608,0.892875731,0.607502206,0.259222119,0.080699573,0.750951789,0.382281324,-0.382281324,0.177148039
WRB,-4.45E-05,0.002086319,0.996527195,0.608895087,-0.007225302,0.82888757,0.276558684,0.394168258,-0.394168258,0.176013174
HUM,0.000684847,0.001127747,0.941855967,0.571558956,0.12251982,0.434253911,0.216797493,0.07553934,-0.07553934,0.174507971
CTSH,-0.001273724,0.00539968,0.791074753,0.4350537,-0.225911798,-0.654131051,0.483126694,-1.089405216,1.089405216,0.173122265
DTE,-0.000117529,-0.006051677,0.967246294,0.524782067,-0.020223676,0.617529063,-0.230796161,-0.32365761,0.32365761,0.172541709
WY,-0.002494416,-0.002160335,0.980452478,0.51499324,-0.443074094,0.712855341,0.011805481,-0.407196083,0.407196083,0.172195703
CNP,0.001797469,-0.001732304,0.987364769,0.614132105,0.320456447,0.762750374,0.038490601,0.438861304,-0.438861304,0.170709029
CRL,-0.000890776,0.003188762,0.993035555,0.598915529,-0.157784969,0.803683843,0.345289298,0.30900208,-0.30900208,0.170546523
ERIE,-0.000820787,0.008374145,0.945825756,0.598457745,-0.145333945,0.46290906,0.668566596,0.305095319,-0.305095319,0.170261598
ISRG,-0.000212488,0.00534352,0.77962476,0.449468152,-0.037116973,-0.736780603,0.479625407,-0.966391362,0.966391362,0.168029798
SJM,0.000783302,0.002771232,0.971276522,0.615267404,0.140035163,0.64662048,0.319258862,0.448550022,-0.448550022,0.164341121
GPC,-0.002664265,0.012904724,0.951649904,0.601231384,-0.473290417,0.504949548,0.951020741,0.328765732,-0.328765732,0.163478535
DUK,-0.001695975,-0.002946131,0.923346698,0.48200078,-0.301030726,0.300648343,-0.037184165,-0.688755844,0.688755844,0.162797324
TECH,-0.000866414,0.021511391,1.000000119,0.743318306,-0.15345097,0.8539562,1.487594379,1.541344584,-1.541344584,0.161688756
CTRA,0.001106064,0.006212334,0.866678536,0.561686636,0.197454752,-0.108399801,0.533790705,-0.008711669,0.008711669,0.157889331
CVX,0.000181788,-0.008460653,0.980592251,0.53278113,0.033025175,0.713864265,-0.380981222,-0.255393096,0.255393096,0.155325328
ALB,5.75E-05,0.004170103,0.873661816,0.532284337,0.010922105,-0.057992347,0.406470008,-0.259632765,0.259632765,0.154758133
SNA,0.00047744,0.001234927,0.944247007,0.579421639,0.085621895,0.451513172,0.22347953,0.142639981,-0.142639981,0.154493654
PH,0.001254693,-0.000698793,0.935729206,0.574566336,0.223895993,0.390029071,0.102923754,0.10120451,-0.10120451,0.153911077
XOM,0.000284018,0.001866475,0.856372058,0.506939286,0.051212027,-0.182795111,0.262852718,-0.47592904,0.47592904,0.151799669
GNRC,-0.003865264,-0.004602434,0.930710614,0.436253694,-0.686949269,0.353803339,-0.14044462,-1.079164391,1.079164391,0.15139346
AMZN,-0.000169993,-0.005076263,0.989126921,0.559661264,-0.029557,0.775470125,-0.169984988,-0.025996326,0.025996326,0.150481116
DHI,-9.35E-05,-0.001183853,0.987109959,0.588126061,-0.015950156,0.760911079,0.072683188,0.216924066,-0.216924066,0.150180011
LH,0.012462699,-0.009553369,0.866555929,0.686935809,2.217811038,-0.109284814,-0.449105474,1.060172754,-1.060172754,0.149811999
CI,6.07E-05,-0.007686993,0.940443218,0.505151776,0.011485571,0.424056254,-0.332748257,-0.491183764,0.491183764,0.148494333
PM,0.001244874,0.008516088,0.748912394,0.486771712,0.222149283,-0.958471864,0.677415843,-0.64804041,0.64804041,0.147283418
TSCO,-0.000393878,0.000696143,0.995419025,0.60406017,-0.06938628,0.820888463,0.189889577,0.352906776,-0.352906776,0.147121246
SATS,0.003814823,-0.004385262,0.752855837,0.450372497,0.67934553,-0.930006883,-0.12690529,-0.958673629,0.958673629,0.145276746
LULU,-0.00438381,0.014129037,0.930242717,0.565468767,-0.77919912,0.350425919,1.0273493,0.023565282,-0.023565282,0.143752704
AJG,0.001037828,0.002274334,0.804218233,0.486540798,0.185315501,-0.55925739,0.288280268,-0.650011039,0.650011039,0.141087354
SYY,-0.002721186,0.005138782,0.987481892,0.584529829,-0.483416695,0.763595805,0.46686127,0.1862336,-0.1862336,0.140201695
ON,0.000374108,0.011431329,0.953525782,0.66767308,0.067239159,0.518490205,0.85916347,0.895783405,-0.895783405,0.137277357
CASY,-0.000591716,-0.004776621,0.90141201,0.485930628,-0.10458191,0.142317049,-0.151304115,-0.655218267,0.655218267,0.135412323
EA,-0.001022163,0.016506939,0.975115955,0.700117714,-0.181158829,0.674334684,1.175597075,1.172667979,-1.172667979,0.124026238
NWS,-0.004929026,0.004043401,0.9545452,0.51120774,-0.87619349,0.525848678,0.398570889,-0.439501788,0.439501788,0.121931966
NWSA,-0.004929026,0.004043401,0.954479218,0.511203034,-0.87619349,0.525372397,0.398570889,-0.439541943,0.439541943,0.121822935
ORLY,0.001339867,0.000609766,0.957391202,0.619699008,0.239048558,0.546391995,0.184504482,0.486369615,-0.486369615,0.120893855
CAG,0.00225192,-0.006414188,0.996708095,0.620996,0.401303668,0.830193362,-0.253396535,0.497438228,-0.497438228,0.120165567
UBER,-0.002079658,0.007593985,0.997088492,0.633406245,-0.369288241,0.832939183,0.61992831,0.603348045,-0.603348045,0.120057802
PFE,0.005210644,-0.008052045,0.875287533,0.56932672,0.927663551,-0.046257426,-0.355507043,0.056489297,-0.056489297,0.117352446
PPL,-0.001937709,-0.007988332,0.965998709,0.497592766,-0.34403541,0.608523614,-0.351534899,-0.555692843,0.555692843,0.117161537
VRT,-0.003016023,-0.023144925,0.996225178,0.390181044,-0.535868482,0.826707521,-1.296456759,-1.472351324,1.472351324,0.116683401
VTR,0.006251765,0.013304373,0.729610264,0.624334803,1.112879887,-1.097800545,0.97593644,0.52593178,-0.52593178,0.116271
BR,-0.00334071,-0.009084742,0.990208149,0.482102585,-0.593630598,0.783274761,-0.419889411,-0.687887035,0.687887035,0.114410447
ADP,-0.000561563,0.005460587,0.977248132,0.637914349,-0.099217693,0.689725393,0.486923849,0.641820491,-0.641820491,0.108902765
XYL,-0.001152033,0.012997505,0.9390769,0.650097073,-0.204262857,0.414193757,0.956805116,0.745788639,-0.745788639,0.105236844
EVRG,-0.000560033,0.005632034,0.979946196,0.64511054,-0.098945426,0.709200844,0.497612555,0.703233249,-0.703233249,0.101158681
CRM,-0.002995733,-0.004157298,0.991384327,0.532646604,-0.532258797,0.791764778,-0.112693111,-0.25654115,0.25654115,0.100838505
LIN,-0.000452108,-0.000532687,0.995344698,0.616712957,-0.079745451,0.820351948,0.113279452,0.460886465,-0.460886465,0.098249871
KDP,0.000633933,0.008185962,0.922634423,0.646234169,0.113462266,0.29550692,0.656834526,0.712822371,-0.712822371,0.088245335
SNDK,,,,0.552479703,,,,-0.087284221,0.087284221,0.087284221
MGM,-0.000828939,-0.008001985,0.914261401,0.492955605,-0.14678406,0.235067883,-0.352386098,-0.595266665,0.595266665,0.082791098
KEYS,-0.000103363,0.014036104,0.988494217,0.732069265,-0.01770353,0.770903079,1.021555486,1.445344552,-1.445344552,0.082352621
DVA,-0.000995725,0.004282286,0.837055504,0.517190357,-0.176455499,-0.322227911,0.413463943,-0.388445748,0.388445748,0.07580657
JNJ,0.005292249,-0.003256998,0.752486706,0.521784921,0.942181014,-0.932671387,-0.056564869,-0.349235449,0.349235449,0.075545051
AMP,-4.27E-05,0.00432816,0.995193779,0.674800328,-0.006909027,0.819262569,0.41632389,0.95660779,-0.95660779,0.06801741
MCK,0.004055502,-0.014538064,0.997658491,0.62517366,0.722162682,0.837053612,-0.75987105,0.533090644,-0.533090644,0.06656365
TROW,-0.00330022,0.002900015,0.81209439,0.442508757,-0.586427384,-0.502404873,0.327287651,-1.025783286,1.025783286,0.06605967
BRK-B,0.000430215,-0.009135878,0.93918556,0.541474087,0.077220563,0.414978093,-0.423077432,-0.181206849,0.181206849,0.062582018
APP,-0.00297978,0.014025609,0.881838143,0.591179089,-0.529420706,0.001026883,1.020901189,0.242978804,-0.242978804,0.06238214
CB,0.000289667,-0.000443366,0.988654315,0.644687756,0.052216992,0.772058716,0.118848081,0.699625182,-0.699625182,0.060874652
WELL,0.000751902,-0.002618954,0.984891653,0.638522212,0.134449035,0.744898666,-0.016786649,0.647008036,-0.647008036,0.053888254
NEM,0.001861902,0.002164736,0.990337372,0.701241369,0.331919076,0.784207532,0.281447508,1.182257318,-1.182257318,0.0538292
INTU,0.000994238,-0.006399776,0.986107647,0.618812025,0.177560732,0.753676086,-0.252498035,0.478800041,-0.478800041,0.049984685
TRGP,0.001446289,0.007351335,0.858639538,0.621459572,0.257981112,-0.166427747,0.60480057,0.501394379,-0.501394379,0.048739889
TRMB,0.00252957,0.000693253,0.956908047,0.680196768,0.450697849,0.542904433,0.189709415,1.002661353,-1.002661353,0.045162586
LVS,-0.001548369,-0.017589786,0.955920517,0.461154848,-0.274771459,0.535776141,-0.950127466,-0.866656352,0.866656352,0.044383392
CTAS,0,-0.00127963,0.993081868,0.645761896,0.000684927,0.804018143,0.066712096,0.708791964,-0.708791964,0.0406558
CRH,0.002834368,-0.006235609,0.854840159,0.551852828,0.504921654,-0.193852826,-0.242263218,-0.092634014,0.092634014,0.040359906
VLO,-0.001112313,0.006266829,0.722618401,0.449509571,-0.197196557,-1.148269954,0.537188135,-0.966037891,0.966037891,0.039439879
SBAC,-0.001647946,0.003387213,0.961926937,0.620299755,-0.292486156,0.579132317,0.357661533,0.491496429,-0.491496429,0.038202816
MDLZ,-0.000958831,-0.000811753,0.973820448,0.614435266,-0.169892075,0.664983319,0.095881419,0.441448498,-0.441448498,0.037381041
WST,-0.001418908,0.00217434,1.000000119,0.648943474,-0.251740193,0.8539562,0.282046248,0.73594375,-0.73594375,0.037079626
STLD,0.002304308,-0.007391753,1,0.657118704,0.410623513,0.85395534,-0.314341818,0.80571168,-0.80571168,0.036131339
WDC,-0.000159513,0.005750322,0.890671968,0.609310342,-0.027692587,0.06479214,0.504987078,0.397712071,-0.397712071,0.03609364
IVZ,-1.45E-05,-0.005827412,0.97113663,0.596315425,-0.001894509,0.645610696,-0.216814574,0.286812627,-0.286812627,0.035022247
TTWO,-0.001814759,0.001669905,0.699167907,0.383899852,-0.322162392,-1.317542797,0.250597755,-1.525955416,1.525955416,0.034211995
GIS,-0.00089388,-0.013148537,1.000000119,0.549870483,-0.158337182,0.8539562,-0.673242433,-0.109551476,0.109551476,0.032982015
MKC,-0.002098607,-0.008783257,0.993513584,0.551513263,-0.372659283,0.807134404,-0.401093675,-0.095531886,0.095531886,0.032228333
NXPI,-0.005829274,-0.007496854,0.995579422,0.485792938,-1.036348442,0.822046251,-0.320894204,-0.656393323,0.656393323,0.030299232
A,7.76E-05,0.004821823,0.968982995,0.676590594,0.014486768,0.630065099,0.447100756,0.971886031,-0.971886031,0.029941648
LHX,0.002094609,-0.004918813,0.780055225,0.48815081,0.373317842,-0.733673377,-0.160168923,-0.636271094,0.636271094,0.028936659
YUM,-0.001604995,0.009861647,0.880195141,0.603880935,-0.284845162,-0.010832809,0.761303331,0.351377169,-0.351377169,0.028562048
XYZ,-0.00016513,-0.005907936,0.989820659,0.61299429,-0.028691805,0.780477741,-0.221834789,0.429151123,-0.429151123,0.025200006
APA,-0.003603975,-0.008505873,0.984940052,0.51832217,-0.640465681,0.745248025,-0.383800475,-0.378786783,0.378786783,0.024942163
HST,-0.005206044,-0.002304059,0.996517003,0.540954768,-0.925475187,0.828813998,0.002845114,-0.185638754,0.185638754,0.02295567
EXPE,0.003298812,-0.009567046,0.953340232,0.63034828,0.587546742,0.517150853,-0.449958152,0.577251176,-0.577251176,0.019372067
GD,0.000490714,0.00358512,0.831154644,0.565351748,0.087983353,-0.364822124,0.369999848,0.022566629,-0.022566629,0.017648612
PNC,0.000766329,-0.003827125,1,0.659863397,0.137015579,0.85395534,-0.092108828,0.829135067,-0.829135067,0.017431756
COHR,0.005937613,-0.011881619,0.893825769,0.623557374,1.05699198,0.087557241,-0.594257776,0.51929715,-0.51929715,0.007748574
FE,-0.00134591,0.000450376,0.973073959,0.628994638,-0.238753803,0.659594936,0.174567492,0.56569911,-0.56569911,0.007427379
HRL,0.003897856,-0.003696599,0.742025077,0.513574653,0.694117177,-1.008186624,-0.08397133,-0.419302397,0.419302397,0.005315405
PAYX,0.004991017,-0.009168636,0.98797816,0.705476523,0.888591585,0.767178021,-0.425119687,1.21840039,-1.21840039,0.003062382
DIS,-0.002091192,0.006443374,0.957371712,0.646374514,-0.371340052,0.546251305,0.548194654,0.714020083,-0.714020083,0.002271456
AVY,0,0.004673435,0.979238212,0.695622609,0.000684927,0.704090399,0.437849695,1.13430646,-1.13430646,0.00207964
TKO,0.002411555,0.013696881,0.662460923,0.544613429,0.429702931,-1.582505045,1.000406954,-0.154415502,0.154415502,0.000505086
SYK,0.00539693,-0.003500755,0.835345447,0.628384221,0.960804005,-0.334571628,-0.071761585,0.560489777,-0.560489777,-0.001504746
WMT,-0.000432687,-0.023027368,0.99387008,0.498648097,-0.076290463,0.809707697,-1.289127846,-0.546686577,0.546686577,-0.002256009
PEG,0.001706409,0.013023477,0.799760818,0.643341523,0.304256791,-0.59143237,0.958424274,0.68813634,-0.68813634,-0.004221911
AKAM,0.00070025,-0.002722578,0.865197182,0.563296438,0.125260001,-0.119092669,-0.023246988,0.005026488,-0.005026488,-0.005526536
VRSK,0.000287728,-0.005299877,0.995084763,0.646398328,0.051872063,0.818475651,-0.183926002,0.71422331,-0.71422331,-0.006950399
NRG,-0.002414697,-0.009593869,0.991514385,0.556298506,-0.428891998,0.792703571,-0.451630428,-0.054694316,0.054694316,-0.008281135
BKNG,0.001435581,-0.010809214,0.924127102,0.571665828,0.256076232,0.306281535,-0.527399795,0.076451391,-0.076451391,-0.010373355
FICO,0.002953983,0.000510259,0.968300164,0.724296218,0.526201318,0.625136218,0.178300857,1.379008872,-1.379008872,-0.01234262
PNR,-0.000775365,-0.007791714,0.988530457,0.603438601,-0.137253308,0.771164667,-0.339276938,0.347602262,-0.347602262,-0.01324196
TT,-0.001241918,0.003015237,0.990014255,0.676366655,-0.220253503,0.781875176,0.334471051,0.969974924,-0.969974924,-0.01847055
CMCSA,0.000452364,-0.00775632,0.824627876,0.49386742,0.081160937,-0.411934335,-0.337070349,-0.587485185,0.587485185,-0.020089641
ABBV,-0.002672306,0.00789787,0.992677212,0.685887847,-0.474720821,0.801097213,0.638873684,1.05122938,-1.05122938,-0.021494826
AMGN,0.000130207,-0.001072142,0.708325863,0.438982715,0.023848852,-1.25143787,0.07964772,-1.055874756,1.055874756,-0.023016635
BIIB,-0.000461412,-0.000376297,0.747885227,0.465631704,-0.081400774,-0.965886268,0.123029463,-0.828450578,0.828450578,-0.02395175
POOL,0.001953178,0.01628873,0.706932068,0.604645975,0.348157149,-1.261498709,1.16199304,0.357906069,-0.357906069,-0.027313647
ROK,-0.004952598,0.007375755,0.996225595,0.640391741,-0.880386994,0.826710532,0.606322963,0.662962718,-0.662962718,-0.027579054
GEHC,0.007565205,-0.011982332,0.886411428,0.667164189,1.346542056,0.034038258,-0.600536658,0.891440495,-0.891440495,-0.02784921
CVS,-0.001164006,-0.005452113,0.970856667,0.607814355,-0.206392903,0.643589838,-0.193416959,0.384945224,-0.384945224,-0.035291312
AVGO,-0.000676364,-0.004379065,0.980946541,0.634843621,-0.119640907,0.716421639,-0.126518935,0.615614702,-0.615614702,-0.036338226
AFL,0.00070221,-0.004648582,0.802457154,0.510940956,0.12560881,-0.571969397,-0.143321653,-0.441778533,0.441778533,-0.036975927
ZBH,-0.00131644,-0.014664183,0.889173329,0.469874782,-0.233510967,0.053974501,-0.767733809,-0.79223988,0.79223988,-0.038757599
MSFT,0.002777062,-0.013806316,0.96110934,0.622787089,0.494726983,0.573230652,-0.714250988,0.512723489,-0.512723489,-0.039754211
WAB,0.001324645,-0.011560946,0.991394281,0.635647751,0.236340573,0.791836628,-0.574265764,0.622477203,-0.622477203,-0.042141441
CSGP,0.002068682,0.003102708,0.592636108,0.421357837,0.368705354,-2.086521933,0.339924336,-1.206286581,1.206286581,-0.042901416
CINF,0,-0.003321317,0.987769067,0.666097836,0.000684927,0.765668723,-0.060574741,0.882340166,-0.882340166,-0.044140314
PG,-0.000656251,-0.007802422,0.999707937,0.630562846,-0.116062745,0.851847141,-0.339944552,0.579082295,-0.579082295,-0.045810613
GS,-0.000476873,0.001003052,0.995788574,0.696053901,-0.084151221,0.823555979,0.209023529,1.137987138,-1.137987138,-0.047389713
FRT,0.000409836,0.023565311,0.804544985,0.717960154,0.073595155,-0.55689879,1.615643885,1.324936492,-1.324936492,-0.048149061
VZ,1.54E-05,-0.00493347,0.875439167,0.562127463,0.00341784,-0.045162884,-0.161082729,-0.004949623,0.004949623,-0.049469537
GEV,,,0.976309836,0.654707971,,0.682952483,,0.785138337,-0.785138337,-0.051092927
CHRW,-0.001115242,-0.003187183,0.944759548,0.611167638,-0.197717625,0.455212845,-0.052212278,0.413562357,-0.413562357,-0.052069854
RSG,-0.000930417,0.007255707,0.881078482,0.640133281,-0.164837225,-0.004456584,0.598838731,0.660757003,-0.660757003,-0.05780302
MS,-0.00177035,0.001482704,0.913265407,0.607989914,-0.314261966,0.227878497,0.238926887,0.386443457,-0.386443457,-0.05847501
LRCX,-0.006485877,-0.004316665,0.995085299,0.536843833,-1.153158802,0.818479523,-0.122628657,-0.220721737,0.220721737,-0.05914655
AXP,-0.001927134,0.003439785,0.95515281,0.655373933,-0.342154053,0.530234591,0.360939088,0.790821696,-0.790821696,-0.060450517
FDX,0.001081095,-0.015859016,0.737393379,0.39454424,0.193012835,-1.041619639,-0.842224424,-1.435115528,1.435115528,-0.063928925
ALL,-0.002841249,-0.005042711,0.981854439,0.600564149,-0.504775908,0.722975124,-0.16789323,0.323071505,-0.323071505,-0.06819138
ESS,0.006014271,-0.007834465,0.997400343,0.779082982,1.070629408,0.835190223,-0.341942186,1.846562607,-1.846562607,-0.070671291
SO,-0.000994971,0.000330714,0.997697294,0.693857897,-0.176321318,0.837333701,0.167107296,1.119246298,-1.119246298,-0.072781655
ICE,-0.001151497,-0.009375699,0.991343319,0.61834247,-0.204167558,0.791468769,-0.438028858,0.474792831,-0.474792831,-0.08138012
UNP,-0.002949682,0.029988433,0.828832924,0.731264155,-0.5240663,-0.38158101,2.016086656,1.438473689,-1.438473689,-0.082008586
DAL,0.005168307,0.010995834,0.547376573,0.524689873,0.920131673,-2.413219114,0.832013022,-0.324444401,0.324444401,-0.084157504
RMD,-0.001214575,0.000571617,0.987012208,0.688001095,-0.215389108,0.760205478,0.182126154,1.069263974,-1.069263974,-0.085580363
KMI,-0.002670078,0.001645793,0.997594059,0.676537574,-0.474324583,0.836588518,0.249094525,0.971433562,-0.971433562,-0.090018776
AMT,-0.000402622,0.005163305,0.833360493,0.610735269,-0.070941937,-0.348899633,0.468390104,0.409872489,-0.409872489,-0.090330989
J,-0.006132293,0.020882375,0.794968903,0.57450454,-1.090255795,-0.626021883,1.448379015,0.100677142,-0.100677142,-0.092143951
VMC,-0.00277107,-0.00311016,0.966059864,0.614045573,-0.492290994,0.608965045,-0.0474104,0.438122838,-0.438122838,-0.092214797
ELV,-0.0004,0.004312126,0.935001373,0.692140726,-0.070475455,0.384775355,0.41532423,1.104591848,-1.104591848,-0.09374193
FITB,-0.000494693,-0.001186815,0.999195516,0.704890837,-0.087321514,0.848148329,0.07249856,1.21340211,-1.21340211,-0.095019184
L,-0.000218872,-0.001145621,0.961914361,0.682899327,-0.038252558,0.579041535,0.075066766,1.025725165,-1.025725165,-0.102467355
DRI,0,-0.002378018,0.98582238,0.698967182,0.000684927,0.751616935,-0.001765775,1.162849259,-1.162849259,-0.103078293
MU,-0.011748684,0.011492589,0.697121561,0.312183751,-2.089417095,-1.332313954,0.86298268,-2.137985196,2.137985196,-0.105190793
CPRT,-0.000275517,-0.007743387,0.898599803,0.58162664,-0.048329779,0.12201768,-0.336264053,0.161457596,-0.161457596,-0.106008437
IR,-0.001451926,0.005986295,0.993101776,0.73755821,-0.257614122,0.804161845,0.519698581,1.492187552,-1.492187552,-0.106485312
SPGI,0.002010376,-0.011352296,0.996536911,0.686114307,0.358332676,0.8289577,-0.56125769,1.05316201,-1.05316201,-0.106782331
COF,0,-0.000706554,0.9997527,0.724778292,0.000684927,0.852170255,0.10243991,1.383122923,-1.383122923,-0.106956958
PPG,-0.001430477,-0.01081505,0.781528473,0.438880134,-0.253798384,-0.723039022,-0.527763638,-1.05675019,1.05675019,-0.111962713
TJX,-0.005286344,0.000271126,0.975601435,0.604118454,-0.939760652,0.677839026,0.163392327,0.353404171,-0.353404171,-0.112983367
FOX,0.005011119,0.003296607,0.858677864,0.743075189,0.892167863,-0.166151099,0.352012819,1.539269809,-1.539269809,-0.115310056
EG,0.000198245,0.010967131,0.840796173,0.683829765,0.03595296,-0.295226622,0.830223565,1.033665582,-1.033665582,-0.11567892
AEE,-0.001552762,-0.001897583,0.882617772,0.589386334,-0.275552896,0.006654482,0.028186447,0.227679316,-0.227679316,-0.117097821
MCO,0.003936582,-0.014219428,0.984869421,0.700378237,0.701006549,0.744738185,-0.740006017,1.174891299,-1.174891299,-0.117288146
FOXA,0.005011119,0.003296607,0.857090175,0.743105097,0.892167863,-0.177611524,0.352012819,1.539525043,-1.539525043,-0.118238971
DD,-0.000185643,0.006155102,0.845603406,0.646452727,-0.032341074,-0.260526537,0.530222637,0.714687558,-0.714687558,-0.119333133
CTVA,-0.00147347,-0.00233347,0.973283708,0.665707482,-0.261446726,0.661108966,0.001011573,0.879008859,-0.879008859,-0.119583762
CPAY,-0.00014599,-0.011849725,0.99179554,0.640893924,-0.025286849,0.794733035,-0.59226942,0.667248377,-0.667248377,-0.122517903
CBOE,-0.002355021,-0.00250628,0.984146297,0.656641819,-0.418275634,0.739518458,-0.009762124,0.801641919,-0.801641919,-0.122540305
GPN,-0.003635956,-0.034178222,0.900728226,0.328067956,-0.646155042,0.137381284,-1.984316095,-2.00242838,2.00242838,-0.122665369
JKHY,-0.001934379,-0.003401791,0.986162961,0.660759465,-0.343442926,0.754075353,-0.065591829,0.836782169,-0.836782169,-0.122935393
BRO,-0.001801802,0.00226063,0.986521006,0.707326299,-0.319857335,0.756659832,0.287425912,1.2341865,-1.2341865,-0.127489523
ROL,0.001098901,0.004891684,0.710236728,0.554782277,0.196180482,-1.237644659,0.451456221,-0.067633909,0.067633909,-0.130593512
PTC,-0.003054798,0.005926139,0.922781229,0.657591068,-0.542766581,0.296566612,0.515948201,0.809742864,-0.809742864,-0.134998658
SWK,0.000571332,-0.014248749,0.951538384,0.610767617,0.10232544,0.50414456,-0.741834009,0.410148549,-0.410148549,-0.13637814
WTW,-0.00212258,-1.54E-05,0.999182403,0.699161764,-0.376924047,0.848053675,0.145527673,1.164509836,-1.164509836,-0.136963134
JPM,0.000241284,0.001219806,0.947864234,0.714530057,0.043609535,0.477623424,0.222536825,1.295663833,-1.295663833,-0.137973512
CL,-0.000128253,-0.009551895,0.964353263,0.642339285,-0.022131372,0.596646282,-0.449013597,0.679583179,-0.679583179,-0.138520466
NTRS,-1.04E-05,0.001825232,0.992749214,0.754216545,-0.001172051,0.801616948,0.260281479,1.634350847,-1.634350847,-0.143406118
LNT,-0.001520138,-0.004038975,0.853716373,0.56480057,-0.269749089,-0.201964658,-0.10531637,0.017862846,-0.017862846,-0.148723241
TPL,-0.004428019,-0.009182942,0.989645302,0.581636083,-0.787063846,0.779211962,-0.426011626,0.16153818,-0.16153818,-0.148850423
AON,0.000161899,-0.00094661,0.954562485,0.707922287,0.029486921,0.525973449,0.087473875,1.239272697,-1.239272697,-0.149084613
XEL,0.000117855,-0.007911113,0.999319315,0.694169549,0.021651508,0.849041947,-0.346720729,1.121905959,-1.121905959,-0.149483308
LYV,-5.20E-05,-0.004717585,0.954335868,0.67638706,-0.008561484,0.524337659,-0.147623576,0.970149062,-0.970149062,-0.150499116
NVR,-0.000812468,-0.006687242,0.885073841,0.588276059,-0.143853854,0.02438314,-0.270419787,0.218204163,-0.218204163,-0.152023666
PCG,0.000520358,-0.008882911,0.948076248,0.653818428,0.093257112,0.479153804,-0.407306462,0.777546916,-0.777546916,-0.153110616
EQIX,-0.006052995,4.03E-05,1,0.626409827,-1.076148586,0.85395534,0.149001934,0.543640173,-0.543640173,-0.154207871
ALLE,0.002673579,-0.013143682,0.834922314,0.573668241,0.47631722,-0.337625934,-0.672939812,0.093540114,-0.093540114,-0.15694716
RVTY,-0.001115435,-0.010905596,0.997318923,0.648620526,-0.197751972,0.834602509,-0.533408666,0.733187691,-0.733187691,-0.157436455
MA,0,-0.010116541,0.95183605,0.639310666,0.000684927,0.506293201,-0.484215855,0.653736754,-0.653736754,-0.15774362
ACN,0.000468192,-0.00963484,0.98992306,0.685677772,0.083976644,0.781216902,-0.454184686,1.049436591,-1.049436591,-0.159606933
ADBE,-0.003781497,-0.008061329,0.982964814,0.603574831,-0.672046923,0.73099015,-0.356085805,0.348764855,-0.348764855,-0.161476858
TTD,0.000322405,0.021488443,0.551162064,0.541559808,0.058041107,-2.385894281,1.48616373,-0.180475298,0.180475298,-0.165303537
SWKS,0.00410441,-0.003862755,0.829024613,0.671210277,0.730863446,-0.380197344,-0.094330117,0.925970062,-0.925970062,-0.167408519
KO,-0.009000295,-0.006915562,0.970300734,0.495751436,-1.600476239,0.639576946,-0.284654181,-0.571406873,0.571406873,-0.16853665
ATO,0,-0.006642743,0.998707592,0.710180121,0.000684927,0.844626347,-0.26764553,1.258541202,-1.258541202,-0.170218864
ACGL,0.001072961,-0.008209105,0.889259338,0.63018518,0.19156578,0.054595344,-0.365298773,0.575859269,-0.575859269,-0.173749229
AME,0.001298476,-0.001729479,0.68718487,0.511804689,0.231685073,-1.404040027,0.038666709,-0.434407388,0.434407388,-0.174820214
CBRE,-5.15E-05,0.00213526,0.902318239,0.694893505,-0.008472128,0.148858488,0.279609821,1.12808424,-1.12808424,-0.177022015
AOS,0.006513629,-0.006744341,0.639731944,0.544820405,1.159465741,-1.746569778,-0.273979555,-0.152649159,0.152649159,-0.177108608
COP,0.002695867,-0.033878664,0.977608442,0.552974434,0.48028222,0.692326222,-1.965640499,-0.083062156,0.083062156,-0.177492475
GEN,0.002186203,0.007488796,0.810332477,0.703360578,0.389612475,-0.515122902,0.613370398,1.200342784,-1.200342784,-0.178120703
SCHW,0.002714827,-0.000400568,0.791130602,0.644165368,0.483655187,-0.653727912,0.121516301,0.695167085,-0.695167085,-0.185930877
SLB,0.004300373,-0.007689162,0.770242512,0.608343354,0.765725336,-0.804504541,-0.332883457,0.389459735,-0.389459735,-0.190280599
WM,-0.000608945,-0.00083126,0.877129495,0.648061075,-0.107646901,-0.032961578,0.094665263,0.728413303,-0.728413303,-0.19358913
WYNN,-0.003481511,-6.49E-05,0.991447449,0.692065364,-0.61867918,0.792220407,0.142442662,1.103948707,-1.103948707,-0.196991205
PFG,0.001295712,-0.000907076,0.898210227,0.70804316,0.231193304,0.119205602,0.089938565,1.240304235,-1.240304235,-0.199991691
NEE,-0.000290192,-0.000821951,0.978260458,0.744590376,-0.050940429,0.697032667,0.095245612,1.552200508,-1.552200508,-0.202715664
HD,-0.002131642,-0.000968505,0.590818584,0.377546147,-0.378536187,-2.099641381,0.086108859,-1.580178338,1.580178338,-0.202972593
PCAR,-0.003903227,-0.00667881,0.930356503,0.586690944,-0.693702916,0.351247256,-0.269894089,0.204676689,-0.204676689,-0.20425661
MRSH,-0.000630982,0.000213798,0.940286636,0.713881084,-0.11156736,0.422926001,0.159818315,1.290125456,-1.290125456,-0.204737125
BAX,-0.006805255,-0.002146877,0.763624907,0.418528689,-1.20997647,-0.852272445,0.012644459,-1.230430717,1.230430717,-0.204793435
TGT,-0.000520523,0.003941361,0.726088822,0.563094989,-0.091916582,-1.123219394,0.392209315,0.003307309,-0.003307309,-0.206558492
CHD,0.000437772,-0.005319069,0.482870251,0.31409397,0.078565017,-2.878845494,-0.185122523,-2.121683261,2.121683261,-0.215929935
TEL,-0.000985744,-0.010959919,0.965383053,0.651957071,-0.174679956,0.604079618,-0.536795343,0.761661978,-0.761661978,-0.217264415
F,0.001476413,0.006741343,0.718495667,0.625071988,0.263340281,-1.178029111,0.566771229,0.532222965,-0.532222965,-0.220035141
VRSN,-0.001755935,0.006652211,0.944282591,0.750217031,-0.311697617,0.451770028,0.561214415,1.600218739,-1.600218739,-0.224732978
LITE,-0.001546879,-0.001445539,0.879434049,0.641625465,-0.274506317,-0.016326602,0.056368683,0.673491395,-0.673491395,-0.226988908
SHW,-0.001423625,-0.001187912,0.858608305,0.630978015,-0.252579359,-0.166653195,0.072430163,0.582625378,-0.582625378,-0.232356942
MET,0.001187565,-0.013909442,0.987187564,0.70197929,0.21195389,0.761471257,-0.720680315,1.188554782,-1.188554782,-0.233952487
RF,-0.000559416,-0.01156647,0.880606115,0.593137559,-0.098835703,-0.007866272,-0.574610128,0.259692509,-0.259692509,-0.235251153
MAS,-0.00333131,-0.011534087,0.984957874,0.624310447,-0.591958268,0.745376668,-0.572591287,0.525723927,-0.525723927,-0.236224204
MLM,0.001716144,-0.014651333,0.957242489,0.683527226,0.30598852,0.545318535,-0.766932689,1.03108369,-1.03108369,-0.236677331
FTV,-0.000138936,-0.006518156,0.86384654,0.627738301,-0.02403191,-0.128842011,-0.259878298,0.554977454,-0.554977454,-0.241932418
HBAN,-3.89E-05,0.005382633,0.795447528,0.66087411,-0.006227048,-0.622567019,0.482063922,0.837760557,-0.837760557,-0.246122675
FCX,0.00456058,-0.013412653,0.805226326,0.628841218,0.812016546,-0.551980664,-0.689708513,0.564389815,-0.564389815,-0.248515611
APH,0.007760846,-0.012648334,0.756243467,0.659857599,1.3813469,-0.905553933,-0.642057831,0.829085589,-0.829085589,-0.248837613
ABNB,-0.009167438,0.028602847,0.728913307,0.588871382,-1.630211104,-1.102831395,1.9297038,0.223284685,-0.223284685,-0.256655846
NCLH,0.00152296,-0.001619656,0.584238112,0.472356546,0.271620933,-2.147141242,0.045513553,-0.771060355,0.771060355,-0.2647366
TPR,-0.001219812,-0.001740266,0.870002806,0.657440147,-0.21632088,-0.0844042,0.037994237,0.808454899,-0.808454899,-0.267796436
CMG,-0.00201017,-0.029613818,0.831229031,0.405009556,-0.35692619,-0.364285179,-1.699753142,-1.345803857,1.345803857,-0.268790163
VICI,0.00282083,-0.018236146,0.972388744,0.708256033,0.502513342,0.654648844,-0.99042411,1.242120907,-1.242120907,-0.268845707
COR,0.00043771,0.004137785,0.740303576,0.627313421,0.078553991,-1.020612948,0.404455141,0.551351497,-0.551351497,-0.272238828
TDG,0.001295136,-0.004681945,0.884408951,0.703605211,0.231090908,0.019583762,-0.145401648,1.2024305,-1.2024305,-0.27428937
COO,-0.006000779,-0.048252511,0.924174607,0.268261429,-1.066859406,0.30662444,-2.86176289,-2.51282109,2.51282109,-0.277294192
MNST,0.001051133,0.001469274,0.647811055,0.545030847,0.187682486,-1.688252277,0.238089613,-0.150853237,0.150853237,-0.277906735
IRM,-0.001400862,-0.010260491,0.983988583,0.694990156,-0.248529797,0.738380031,-0.493190276,1.128909072,-1.128909072,-0.283062279
LII,-0.000155458,0.002305761,0.783402979,0.643766457,-0.026971286,-0.70950826,0.290239526,0.691762756,-0.691762756,-0.284500694
CMI,-0.004588123,-0.00882809,0.983956575,0.63996721,-0.815546569,0.73814899,-0.40388871,0.659339738,-0.659339738,-0.285156507
HWM,-0.003559753,-0.027014932,0.994762719,0.539062012,-0.632598492,0.81615104,-1.537728318,-0.201791651,0.201791651,-0.28809603
PRU,0.00493531,0.00819992,0.585448325,0.628771096,0.878681267,-2.138405557,0.657704666,0.56379139,-0.56379139,-0.291452753
FISV,-0.001177339,-0.034811995,0.825069606,0.389973469,-0.208764893,-0.408745792,-2.02382803,-1.474122785,1.474122785,-0.291803982
DOW,-0.003119375,-0.019118938,0.811260402,0.452566276,-0.554254913,-0.508424855,-1.045460848,-0.939951781,0.939951781,-0.292047209
WBD,-0.000885248,-0.003443498,0.993302107,0.767731065,-0.156801591,0.805607897,-0.068192009,1.749684622,-1.749684622,-0.292267581
IQV,-0.000854988,-0.007206109,0.963813305,0.716047912,-0.151418299,0.592748697,-0.302768007,1.308617297,-1.308617297,-0.292513727
HII,0.003895783,0.003907401,0.727359712,0.700122949,0.693748477,-1.11404572,0.390092082,1.172712648,-1.172712648,-0.300729452
CDNS,0.003104127,-0.017768036,0.883909523,0.658767271,0.552912081,0.015978742,-0.96124031,0.819780659,-0.819780659,-0.303032536
CPB,-0.004890839,-0.009368596,0.872432053,0.544548158,-0.869400025,-0.066869153,-0.437586032,-0.154972529,0.154972529,-0.30472067
AAPL,0.000177611,-0.01016457,0.806693375,0.590141885,0.032282038,-0.541391054,-0.487210145,0.234127237,-0.234127237,-0.307611599
INTC,0.002657731,-0.019081399,0.702325821,0.488741047,0.473497862,-1.29474801,-1.043120528,-0.631233978,0.631233978,-0.308284174
AZO,-0.001818129,-0.018427468,0.758285463,0.458556925,-0.322761971,-0.890814184,-1.00235189,-0.888827196,0.888827196,-0.331775212
STE,-0.001296418,-0.01142787,0.985389173,0.713437926,-0.229949117,0.748489918,-0.565969252,1.28634351,-1.28634351,-0.33344299
GL,-0.000947156,0.005340138,0.78085357,0.671915719,-0.167815117,-0.727910681,0.47941458,0.93199035,-0.93199035,-0.337075392
STT,-0.001312446,-0.009090432,0.971622169,0.720478398,-0.232800387,0.649115469,-0.420244147,1.346427353,-1.346427353,-0.337589105
META,-0.002098251,-0.026918963,0.988289654,0.590478348,-0.372596001,0.769426479,-1.531745209,0.236998637,-0.236998637,-0.342978342
ABT,-0.002922423,-0.009366608,0.799433649,0.544919472,-0.51921698,-0.593793983,-0.437462074,-0.151803715,0.151803715,-0.34966733
TMUS,-0.0165626,0.001583786,0.924147785,0.446064474,-2.945817462,0.30643083,0.245228738,-0.995438569,0.995438569,-0.349679831
ZBRA,-0.002785843,-0.006172462,0.957392871,0.706460762,-0.494919242,0.546404042,-0.238326356,1.226799949,-1.226799949,-0.353410376
BKR,-0.00973913,0.003130435,0.636342764,0.359227423,-1.731915681,-1.771033914,0.341652957,-1.736511503,1.736511503,-0.356196284
MRNA,-0.009166644,-0.008444998,0.99857074,0.593977332,-1.630069839,0.843638505,-0.380005267,0.26685919,-0.26685919,-0.358323948
ADI,0.00233942,-0.015449579,0.890011072,0.691753624,0.416869918,0.060021588,-0.816698514,1.101288297,-1.101288297,-0.360273826
KEY,-0.000249033,0.003293738,0.657858729,0.585835246,-0.043618261,-1.615725089,0.351833906,0.197374108,-0.197374108,-0.376220888
TFC,-0.00272624,0.005771604,0.728131831,0.61413428,-0.48431572,-1.108472331,0.506313874,0.438879864,-0.438879864,-0.38133851
KHC,-0.002713789,-0.001650034,0.92154485,0.724268166,-0.482100816,0.287642049,0.04361963,1.378769472,-1.378769472,-0.382402152
ANET,-0.012801638,-0.000255983,0.909775317,0.51450614,-2.276738746,0.202685956,0.130530299,-0.41135303,0.41135303,-0.383042365
CDW,0.002686835,0.007055329,0.787824452,0.789690827,0.478675411,-0.677592718,0.586346387,1.937090634,-1.937090634,-0.387415388
CFG,0.001185897,-0.015743927,0.952208698,0.732431705,0.211657214,0.50898309,-0.835049336,1.448437635,-1.448437635,-0.390711667
ROP,-0.003800205,-0.00794673,0.950320005,0.687181907,-0.67537521,0.495349931,-0.348941252,1.062272975,-1.062272975,-0.397809877
TSLA,-0.008921802,-0.015772479,0.923966885,0.501400597,-1.586512223,0.305125037,-0.836829384,-0.523196573,0.523196573,-0.398754999
SMCI,-0.003433606,-0.010041738,0.885255456,0.625600894,-0.610156931,0.025694095,-0.479552321,0.536736685,-0.536736685,-0.400187961
VTRS,-0.006269323,0.000738266,0.813806295,0.58508008,-1.114633538,-0.490047818,0.192515692,0.190929477,-0.190929477,-0.400773785
VST,-0.002186773,-0.007505456,0.641679823,0.46585208,-0.38834414,-1.732509385,-0.321430482,-0.826569881,0.826569881,-0.403928532
KKR,0.000473437,-0.000521328,0.682091415,0.608571683,0.084909786,-1.440806146,0.113987621,0.391408311,-0.391408311,-0.408329263
REG,-0.001358374,0.004802995,0.659018278,0.589879611,-0.240971112,-1.607355111,0.445926954,0.231888974,-0.231888974,-0.408572061
TER,-0.003891848,-0.015686744,0.985428333,0.669005397,-0.691678518,0.748772589,-0.831484316,0.907153483,-0.907153483,-0.420385932
TYL,-0.008976826,-0.001092419,0.995179474,0.681247815,-1.596300957,0.81915931,0.078383551,1.011631055,-1.011631055,-0.427597288
PLD,0.000649351,-0.008483703,0.879090786,0.730937268,0.116205028,-0.01880438,-0.382418252,1.435684017,-1.435684017,-0.430175405
OXY,-0.001834596,-0.002400457,0.703462303,0.575077657,-0.325691423,-1.286544536,-0.003164695,0.105568162,-0.105568162,-0.430242204
BSX,0.011835646,-0.054163568,0.620598197,0.411982698,2.106257677,-1.884683018,-3.230281562,-1.286294618,1.286294618,-0.430603071
NFLX,0.00587341,0.000527546,0.63393724,0.699399754,1.045570199,-1.788397725,0.179378614,1.166540858,-1.166540858,-0.432497443
NSC,-0.002047782,0.001472095,0.812294483,0.692492637,-0.363617371,-0.500960542,0.238265526,1.10759508,-1.10759508,-0.433476866
NOC,-0.001100519,-0.00987035,0.780295312,0.604714307,-0.195098503,-0.731940352,-0.468867338,0.358489218,-0.358489218,-0.438598853
PWR,0,-0.076161616,0.825986385,0.187435089,0.000684927,-0.4021282,-4.601726776,-3.202598227,3.202598227,-0.450142956
TXT,-0.004248697,0.000102769,0.93013525,0.745723486,-0.755162412,0.349650188,0.15289631,1.561870544,-1.561870544,-0.453621615
NI,-0.002177739,-0.014449487,0.944532394,0.69962264,-0.386736941,0.453573183,-0.75434884,1.168442981,-1.168442981,-0.463988895
WMB,-0.00638267,0.00304592,0.762813091,0.586171552,-1.134798241,-0.858132376,0.336383957,0.200244163,-0.200244163,-0.464197706
SPG,-0.010167887,-0.001878583,0.983446777,0.663443903,-1.808191914,0.734469108,0.029371019,0.859691331,-0.859691331,-0.476010779
COIN,0.003307032,-0.020041437,0.681091964,0.556144374,0.589009111,-1.448020487,-1.102973066,-0.056009688,0.056009688,-0.476493689
AVB,-0.00607649,-0.007498016,0.981287718,0.706424919,-1.080328456,0.718884359,-0.320966672,1.226494068,-1.226494068,-0.477226209
CME,-0.00456833,-0.006505203,0.776801825,0.574565026,-0.812025397,-0.757157417,-0.259070763,0.10119333,-0.10119333,-0.482361727
BLDR,-0.000140698,-0.010051188,0.538824141,0.4400695,-0.024345391,-2.474953187,-0.480141464,-1.046600064,1.046600064,-0.483209995
EXE,0,0.002308066,0.60338074,0.588315364,0.000684927,-2.008963895,0.290383257,0.218539597,-0.218539597,-0.484108827
HON,-0.001214425,0.001052629,0.745026827,0.679176744,-0.215362475,-0.986519077,0.21211435,0.993956401,-0.993956401,-0.495930901
SW,,,0.86831975,0.668029294,,-0.096553016,,0.898823354,-0.898823354,-0.497688185
HOOD,0.000175135,-0.020295114,0.989192069,0.759984971,0.031841648,0.775940382,-1.118788281,1.683578959,-1.683578959,-0.498646303
IFF,0.002212474,-0.008792378,0.715673745,0.656544256,0.394286187,-1.19839861,-0.401662327,0.800809309,-0.800809309,-0.501646015
CAH,-0.00345383,0.019725081,0.476160258,0.547385286,-0.613754665,-2.927280277,1.376228768,-0.1307603,0.1307603,-0.508511468
EXR,-0.012348473,0.002725611,0.961403668,0.650564729,-2.196120175,0.5753552,0.316414628,0.74977964,-0.74977964,-0.513532497
JBL,0.001376977,-0.00974591,0.826362133,0.732370109,0.245650427,-0.399415939,-0.461109227,1.447911971,-1.447911971,-0.515696677
EIX,,,1,0.78638276,,0.85395534,,1.908859379,-1.908859379,-0.52745202
MMM,-0.006694583,-0.00918007,0.930106938,0.667858125,-1.190287765,0.349445821,-0.42583252,0.897362588,-0.897362588,-0.541009263
C,0.002365006,-0.02984022,0.659372985,0.477749823,0.421421741,-1.604794726,-1.713867918,-0.725033779,0.725033779,-0.543051781
PHM,-0.004253498,-0.010931425,0.646821201,0.472313984,-0.756016375,-1.695397349,-0.535018931,-0.771423578,0.771423578,-0.553752269
PYPL,-2.96E-06,0.002165348,0.513620138,0.545104885,0.000158318,-2.656883395,0.281485634,-0.150221392,0.150221392,-0.556254513
BXP,0.000638836,0.00236654,0.538235247,0.585275446,0.114334385,-2.479204003,0.294028738,0.19259674,-0.19259674,-0.565859405
DGX,-0.004894281,-0.009885953,0.843776286,0.642314336,-0.87001228,-0.273715254,-0.469840064,0.679370267,-0.679370267,-0.573234466
MAR,0,0.00459744,0.462243706,0.529865532,0.000684927,-3.02773421,0.433111835,-0.280274995,0.280274995,-0.578415613
DECK,-0.006598635,-0.011753514,0.840596735,0.595508374,-1.173218512,-0.296666221,-0.586271191,0.279925197,-0.279925197,-0.58402028
CIEN,-0.01109337,-0.001204922,0.831087053,0.574366074,-1.972836169,-0.365310021,0.071369676,0.09949546,-0.09949546,-0.591567994
PNW,-6.55E-05,-0.013904791,0.703781605,0.604741414,-0.010963988,-1.284239716,-0.720390347,0.358720549,-0.358720549,-0.59357865
VLTO,-0.002044252,-0.007565737,0.667728782,0.581127545,-0.362989465,-1.54448003,-0.325188635,0.157198287,-0.157198287,-0.597464104
HPQ,-0.008885472,-0.007842212,0.621908844,0.39844849,-1.580049,-1.87522237,-0.342425174,-1.401796409,1.401796409,-0.598975034
LOW,-0.007142857,-0.021724934,0.799568236,0.490081073,-1.270036182,-0.592822491,-1.207928932,-0.619798111,0.619798111,-0.612747374
ECL,-0.009258369,-0.005436508,0.804486096,0.575947496,-1.646387698,-0.557323871,-0.19244413,0.11299142,-0.11299142,-0.62728678
SOLV,,,0.735106587,0.590054863,,-1.058126402,,0.233384585,-0.233384585,-0.645755494
GOOGL,-0.018214435,-0.037555329,0.969234765,0.304698248,-3.239680375,0.631882452,-2.19485831,-2.201866955,2.201866955,-0.650197319
GOOG,-0.018214435,-0.037555329,0.969163656,0.304698248,-3.239680375,0.631369171,-2.19485831,-2.201866955,2.201866955,-0.65032564
ADM,0.009895211,-0.000739454,0.330236286,0.634206412,1.761052338,-3.980604178,0.100388769,0.610176724,-0.610176724,-0.682334949
LUV,-0.001664131,-0.00805794,0.602501988,0.5745088,-0.29536549,-2.015306991,-0.355874553,0.100713499,-0.100713499,-0.691815133
UPS,-0.004375603,-0.011336455,0.618772268,0.508799368,-0.777738962,-1.89786313,-0.560270121,-0.460054989,0.460054989,-0.693954306
DLR,-0.018590224,0.001107928,0.98934871,0.626111829,-3.306533719,0.777071065,0.215561888,0.541097034,-0.541097034,-0.71374945
IP,-0.005949336,-0.003238422,0.430518717,0.387731769,-1.057707594,-3.256734895,-0.055406764,-1.493253597,1.493253597,-0.719148914
O,-0.004911384,-0.013786415,0.889682353,0.722225669,-0.873054934,0.05764879,-0.713010274,1.361338671,-1.361338671,-0.722438772
EXC,0.001726982,-0.00072316,0.352459043,0.528139092,0.307916627,-3.820193513,0.101404605,-0.295008551,0.295008551,-0.778965933
CF,-0.010511885,-0.021485224,0.845848322,0.541667987,-1.869389526,-0.258758662,-1.192984446,-0.179552096,0.179552096,-0.785395135
SYF,-0.013662175,-0.007112858,0.807162702,0.559699665,-2.429829033,-0.538003309,-0.296954362,-0.025668607,0.025668607,-0.809779524
UDR,-0.012042839,-0.003386159,0.893201649,0.698581662,-2.14174769,0.08305215,-0.064617219,1.159559211,-1.159559211,-0.820717993
MTB,-0.001787214,-0.016310088,0.712581635,0.667492281,-0.317262066,-1.220718408,-0.870346047,0.894240452,-0.894240452,-0.825641743
OMC,-0.000828955,-0.022890142,0.711182654,0.647680645,-0.146786959,-1.230816678,-1.280572601,0.725166686,-0.725166686,-0.845835731
TAP,-0.006864967,-0.009692093,0.731141329,0.635466321,-1.220599278,-1.086748853,-0.457754064,0.62092887,-0.62092887,-0.846507766
GLW,-0.003529583,-0.001544601,0.596281826,0.655132854,-0.627231322,-2.060206024,0.050192773,0.788764313,-0.788764313,-0.856502221
OKE,-0.007550223,0.012194528,0.536963999,0.626039778,-1.342506914,-2.488380259,0.906744335,0.54048215,-0.54048215,-0.866156247
AES,-0.005038341,-0.036154753,0.804528058,0.577411762,-0.895640757,-0.557020979,-2.107540885,0.125487558,-0.125487558,-0.921422545
CCL,-0.007524423,-0.027469045,0.700238228,0.504343482,-1.337917084,-1.309816896,-1.56603948,-0.498081799,0.498081799,-0.928922915
CARR,0.0034466,-0.016542444,0.447535425,0.616755123,0.613838382,-3.133903082,-0.884832025,0.461246309,-0.461246309,-0.966535758
EQT,-0.013793986,-0.003848445,0.726345062,0.599933898,-2.453278354,-1.121369773,-0.093437979,0.317692906,-0.317692906,-0.996444753
KMB,-0.002954096,-0.039004972,0.797278404,0.630499087,-0.524851634,-0.609351196,-2.285234798,0.578538178,-0.578538178,-0.999493951
DOC,-0.011691149,-0.018616729,0.921123803,0.713520136,-2.079181737,0.284602802,-1.014151175,1.287045097,-1.287045097,-1.023943802
REGN,0.001995912,-0.005385374,0.482636213,0.736831621,0.355759502,-2.88053485,-0.189256214,1.485986799,-1.485986799,-1.05000459
AXON,0.01013913,-0.026393662,0.311941266,0.660891641,1.804445761,-4.112663232,-1.498995911,0.837910168,-0.837910168,-1.161280888
HSY,-0.011485899,-0.074813168,0.999999762,0.45709281,-2.042667553,0.853953619,-4.51765922,-0.901322047,0.901322047,-1.201262777
ADSK,,,0.430089951,0.465195894,,-3.25982986,,-0.832169812,0.832169812,-1.213830024
PSKY,,,,0.723838718,,,,1.375104537,-1.375104537,-1.375104537
AMCR,-0.016432851,-0.034352794,0.752641261,0.552419215,-2.922734939,-0.931555763,-1.995199609,-0.087800431,0.087800431,-1.44042247
OTIS,-0.013454436,-0.027425353,0.324626565,0.516449284,-2.392872081,-4.021096862,-1.563315593,-0.394770115,0.394770115,-1.895628605
JBHT,,,0.50476563,0.690026644,,-2.720797947,,1.086550139,-1.086550139,-1.903674043
LMT,-0.012295168,-0.099207741,0.483505875,0.275150322,-2.186637218,-2.874257366,-6.038513238,-2.454030835,2.454030835,-2.161344247
MDT,-0.005651233,-0.102293118,0.414845586,0.65890011,-1.004674791,-3.369868351,-6.230867813,0.82091432,-0.82091432,-2.856581319
