sector,company_count,avg_final_score,avg_nlp_score,avg_financial_score,red_flag_rate
Healthcare,4,0.7512516961946156,0.7255381374208796,0.8112499999999999,0.0
Consumer Defensive,1,0.719943434067071,0.6192049058101015,0.955,0.0
Technology,6,0.6855371942018298,0.6057674202883282,0.8716666666666667,0.16666666666666666
Real Estate,1,0.6138285361568018,0.621897908795431,0.5950000000000001,1.0
Consumer Cyclical,1,0.6118515644727758,0.5933593778182512,0.655,0.0
Communication Services,1,0.5949997343589941,0.4299996205128489,0.98,0.0
Industrials,4,0.5489527392197855,0.4274324845996935,0.8325,0.0
Basic Materials,2,0.5193575837982274,0.6455108339974678,0.22499999999999995,1.0
Utilities,4,0.4624055012134485,0.6477221445906407,0.03,1.0
